{"validation_0": {"rmse": [0.1858668736516688, 0.1743193115875729, 0.16421525678926793, 0.15543779700445906, 0.1477284294134248, 0.14102175537158895, 0.1351005242889466, 0.12997074350950166, 0.12547148792407659, 0.12155497702275576, 0.11805902216899258, 0.1150088612096899, 0.11229985231848295, 0.10992492024359066, 0.10789616137012217, 0.10587421457322459, 0.10413968977163778, 0.10270137741410774, 0.1012350991017845, 0.09998531580447514, 0.09877078036117594, 0.09771366504891732, 0.09665354906546812, 0.09582127007492985, 0.09493007382003904, 0.0941342375118418, 0.09334938033687865, 0.09270570996687243, 0.09217258435531529, 0.09159057641754417, 0.0909421793263637, 0.09040161124147256, 0.09002806603616147, 0.08966303695554001, 0.08915403201312286, 0.08873391324144302, 0.08840716198428232, 0.08779171514074535, 0.08748804772907531, 0.08710014815407792, 0.08667543020103717, 0.0863897871814124, 0.08594217675712468, 0.08572101977687732, 0.0853524516024539]}, "validation_1": {"rmse": [0.18946280297308254, 0.1785572298767081, 0.16915946547014335, 0.1607551713604558, 0.15350770052934362, 0.14689396482938633, 0.14142958620343135, 0.13660000724806437, 0.1326406943421977, 0.12910866579801086, 0.12587717274209562, 0.1232024597076924, 0.12102212752969561, 0.11910351746300676, 0.11742859268417213, 0.11583545679709921, 0.11467302013600308, 0.11355895810919334, 0.11275928135944797, 0.11206390353241981, 0.11135361089714438, 0.11084102451629861, 0.11030657257824714, 0.10987705444165181, 0.10935384649894704, 0.10894498379962556, 0.10859599176352143, 0.1083486262136059, 0.10811459266522702, 0.10794977169289428, 0.10773999585505474, 0.10761002998229612, 0.10752781027736177, 0.1075154920421885, 0.10741765141948081, 0.10720971994708069, 0.10714968255752558, 0.10710030086038518, 0.10712165218419392, 0.10706752786812038, 0.10703996054153812, 0.10696355182993662, 0.1068917634790922, 0.10695424884805246, 0.1069691611697004]}}