{"validation_0": {"rmse": [0.18572145435952095, 0.17413379646873434, 0.1639128774750661, 0.15494323907872312, 0.1471118860216261, 0.14026729928119477, 0.13430942456398506, 0.1290388228276024, 0.12440415002655324, 0.12040598812242047, 0.11696418316741779, 0.11379546049720855, 0.11118992862886132, 0.10881658102256743, 0.10679975175260104, 0.10468361061593436, 0.10293595270541923, 0.10149690813617517, 0.10004422998371182, 0.09868056173525128, 0.09755583870567679, 0.09641073364480517, 0.09536067898022405, 0.09444700100416072, 0.09353953872668634, 0.09273147444901715, 0.09197796849490329, 0.09132446528105014, 0.09064698764454317, 0.0900403277304747, 0.089451491248118, 0.08881461508818765, 0.08833789228162454, 0.08790337919339421, 0.08737724973098175, 0.08691351773487872, 0.08636710768413519, 0.08593402640221041, 0.0853700470195668, 0.08487564209568614, 0.08453991355240917, 0.08407773227186602, 0.08380723792400445, 0.08354484126381538, 0.08322656763902034]}, "validation_1": {"rmse": [0.18985088810484185, 0.17893684671997034, 0.16924154090405574, 0.16103676850994755, 0.15361387823674585, 0.14697662009675627, 0.14143530173756352, 0.13665888489076605, 0.13227597294966564, 0.1290822556897563, 0.12587714589054344, 0.12325167302881747, 0.12103370433618135, 0.11902930121903392, 0.11741554028775714, 0.11577110359825456, 0.11436241185583314, 0.11326226299387548, 0.11213297932500958, 0.11130508613559661, 0.11066962968760079, 0.10991549168367644, 0.10928047162987496, 0.10870071412240759, 0.10835656551046921, 0.10799080503249213, 0.10773780610024743, 0.10751962822240022, 0.10726975619240302, 0.10694960378409786, 0.10675147057029159, 0.10656158752732303, 0.10639375362769152, 0.10619373380291862, 0.1059425151437029, 0.1058265039609383, 0.10572428698823032, 0.10566159413341873, 0.10570819902118324, 0.10558944630660401, 0.10547556313993643, 0.10553084953991507, 0.10548564270542955, 0.10557976129916553, 0.10552795315129633]}}