{"validation_0": {"rmse": [0.1861258028360175, 0.17489967821216348, 0.16512280182883682, 0.15657839021796516, 0.14904771608371573, 0.14258145281558104, 0.1368396625676879, 0.13182935162701082, 0.1275301330968625, 0.12370755187022302, 0.12041459681318545, 0.11754979203766376, 0.11506744940245321, 0.11284418912986621, 0.11083443497544442, 0.10914437035529778, 0.10741152161293267, 0.10586015164449387, 0.10449804527189353, 0.10316432801038665, 0.10199387430752481, 0.10089258359194873, 0.09985561509284574, 0.09908043677743476, 0.0983301622570687, 0.09751486963774811, 0.09659225265306273, 0.0958707599950638, 0.09521832788231083, 0.09452009088975119, 0.09395126999258782, 0.09340184301132046, 0.09265051163748732, 0.0921407779130204, 0.09164587227637153, 0.09122882416921159, 0.0907903524455123, 0.09022145786616305, 0.08977614394696379, 0.08942199241787294, 0.0889585796518056, 0.08867626399229689, 0.08828908374779637, 0.08796227280738925, 0.08753311737370574]}, "validation_1": {"rmse": [0.19056733427140113, 0.18041419107739617, 0.17166808987957832, 0.16383697613235143, 0.1574501495692525, 0.15172116034743763, 0.1465550973470658, 0.14206226350787138, 0.13860642867701892, 0.1355004137974076, 0.13266705682517765, 0.13044339227358445, 0.12856687202017594, 0.12688901010217815, 0.12572287694178166, 0.12447182987172471, 0.12327987401300972, 0.12239516744478385, 0.12156149293369996, 0.1208386290701261, 0.12040532366575235, 0.11992943672038445, 0.11963919606810972, 0.11925227362149879, 0.11896280849223262, 0.11872909465717063, 0.11862964914704843, 0.1183705586535833, 0.11827968305845074, 0.11835841540607148, 0.11810429248771698, 0.11802307675199075, 0.11807984050034517, 0.11803204476052022, 0.11803018894950632, 0.11800964407258444, 0.11798559742516686, 0.11794552046613364, 0.11789620119980546, 0.11791614829542106, 0.117851953543447, 0.11782141340269213, 0.11788512529667727, 0.1179213852514195, 0.11801350510850664]}}