{"validation_0": {"rmse": [0.14321462459029793, 0.10518096700097013, 0.07975411632468683, 0.06318679465702376, 0.05277230259277938, 0.04637776657397637, 0.042524478324348, 0.04017892100757293, 0.03866432198781727, 0.0376333335894129, 0.0369137905201042, 0.03634790067278671, 0.03583616974839527, 0.03535865648860287, 0.03493242400651, 0.03451879048345147, 0.03422710442614418, 0.03378117975275074, 0.03342627600816341, 0.03318816492232714, 0.03293835717057023, 0.03273227736578219, 0.03252526994970663, 0.03233898819526849, 0.03217468306722701, 0.03198111892012945, 0.0317707213041124, 0.03159238908066869, 0.03134253222860406, 0.03119088817844739, 0.03100569791291558, 0.03081812728071393, 0.03071837365435578, 0.0305715330579052, 0.03033055434153484, 0.03019175546955772, 0.02997642965558268, 0.02976488405702334, 0.02959262612497645, 0.02943050226251941, 0.02922223405454195, 0.02906260591262606, 0.02888701290354692, 0.02872012582458005, 0.02860595549821506, 0.02839118013832442, 0.02820491669937095, 0.02813034402905326, 0.0279766228497333, 0.02784802894506603, 0.02775593983083943, 0.02767778594065343, 0.02751690538474176, 0.0273807197299378, 0.02727920409273174, 0.02708588159944806, 0.02690382007144902, 0.02672294623131229, 0.02655954660276031, 0.02644113374242566, 0.02632089096888847, 0.02625714367493692, 0.02611704772811799, 0.02601856657187772, 0.02586228046449056, 0.02574547985985455, 0.02567151590384846, 0.0255603983242057, 0.02548205886603622, 0.02534710951953777, 0.02528626995899149, 0.02515331838996951, 0.02503376655789031, 0.02486562911846562, 0.02478199852204348, 0.02469323143757549, 0.024592030243107, 0.02447121991771998, 0.02430805430183921, 0.02418744720241481, 0.02405524280602613, 0.02391999121655912, 0.02380925828011569, 0.02368883932842445, 0.02363092459491187, 0.02351487277803447, 0.02338157308287862, 0.02324198182967651, 0.02312116120740536, 0.02298637513982034, 0.0228339602989129, 0.02275479757865081, 0.02266262289939345, 0.02251265421563032, 0.02239350949111924, 0.02225097074951219, 0.02211727358899578, 0.02207063920587307, 0.02194412959490958, 0.02183671951719954]}, "validation_1": {"rmse": [0.14641865138616503, 0.10896902149538644, 0.08382091789103646, 0.06777181475010839, 0.05808877413952523, 0.05260305835760729, 0.04929204142953729, 0.04749529126704567, 0.04634278560554731, 0.04572562486720844, 0.04535569207770349, 0.04505424800723398, 0.04492856555697643, 0.0447310068637297, 0.04465066157533204, 0.04454289761278573, 0.04445306796776752, 0.04431988870396403, 0.04429962952512328, 0.04431911710108424, 0.04428777852640392, 0.04425245579701642, 0.04425677085060015, 0.04426911114565372, 0.04426180178757519, 0.04422903151064877, 0.04429528951282368, 0.04428593281111773, 0.04434447228473271, 0.04433635122280722, 0.04435156493979048, 0.0443199203468325, 0.04434947012810969, 0.04436470979164515, 0.04435507709001527, 0.0443304646186107, 0.04435366193503052, 0.04433460870877574, 0.04434890679758443, 0.04433694996069981, 0.04436911439920611, 0.04437495555318743, 0.04437892414858605, 0.04440664556385066, 0.04441014673432683, 0.04444351088948987, 0.04448056130352108, 0.04448029950183297, 0.04446485013874815, 0.04447981513996542, 0.04451277111553424, 0.0444977427628326, 0.04452274898363281, 0.0445689456947567, 0.04456436920682513, 0.04458623328223134, 0.0445915617973825, 0.04464918169023318, 0.04464068572946478, 0.04466364466328805, 0.04466477905689351, 0.04466396969341865, 0.04467704218296819, 0.04469964568811994, 0.04471154830237757, 0.04471591157010404, 0.04472422449409627, 0.04471368130772438, 0.0447316838452109, 0.04475982040036369, 0.04477693713814774, 0.04478720482755296, 0.04478959225761655, 0.04480011722736502, 0.0447846979478128, 0.04477472158072671, 0.0447865258279005, 0.0447769402096417, 0.04480716898472158, 0.04483745081539468, 0.04487718990316299, 0.04494366886860768, 0.04492541565384395, 0.04492586074513735, 0.04491842059414868, 0.04494950458459269, 0.04495901591473549, 0.04495527891126479, 0.04494025698928018, 0.04495084302048791, 0.04498355582599656, 0.04497995587524638, 0.04498443929103121, 0.04501062125244722, 0.04500744081093385, 0.04503451581918336, 0.045047474992049, 0.04504658933300146, 0.04501606443029856, 0.04501800101919797]}}