{"validation_0": {"rmse": [0.14265205150115953, 0.10616596711118209, 0.08223269654870358, 0.06697725897336475, 0.05757759315864033, 0.0519161398837998, 0.04856432450560247, 0.04644942551275801, 0.04507967991250826, 0.04409077074103128, 0.04319280987874554, 0.04259979738965854, 0.04195609330792479, 0.04135264629218263, 0.04089755536028931, 0.04033711122546995, 0.03986662519557312, 0.03947778941410474, 0.03920255114241697, 0.03878389169464233, 0.03849181217676237, 0.03827910368012973, 0.03806014403000168, 0.03782009906596112, 0.03758569820634455, 0.03721044120716712, 0.0369743475003111, 0.03666495175682503, 0.03643952008882285, 0.03623625796157193, 0.03606589609168781, 0.03583193306340695, 0.03565793834238064, 0.03543598736151441, 0.03528676871360101, 0.03509821423177509, 0.03486836714178872, 0.03474144841039638, 0.03459215723440517, 0.03433795707241178, 0.03411772298496015, 0.03396711396304816, 0.03377806791727767, 0.03348774622462976, 0.03330927816403832, 0.03317202121712575, 0.03306049218649765, 0.03276554288925654, 0.03263043979732568, 0.03244138564862763, 0.0323537378083917, 0.03226332488743879, 0.03204265505867899, 0.03190782224403585, 0.03168226090985798, 0.03144217475692364, 0.03129195489945436, 0.03119260902886239, 0.03109157585923064, 0.03094706686290855, 0.03074235015758695, 0.03057430648847972, 0.03040478107661321, 0.03024085133447823, 0.03011221914740109, 0.02994385333506494, 0.02977518456734717, 0.02969458161045906, 0.02956866289836009, 0.02944155950911369, 0.02929772448812218, 0.02908610243526186, 0.02889386197369731, 0.02868611946294682, 0.02857154009157083, 0.02845601443327306, 0.02827603240530948, 0.02821427750573748, 0.02803104382917894, 0.02783532587238192, 0.0277506934624536, 0.02765240682633933, 0.02755929892767215, 0.02747113442898784, 0.02735369503526038, 0.0271940563754798, 0.0270865387619671, 0.02696839277840658, 0.02683670138208491, 0.02675389642048454, 0.02659568190196337, 0.02652022020916201, 0.02634250316540433, 0.02625484010105936, 0.02611332483499731, 0.02597726784868398, 0.02588705510712327, 0.02579323923236356, 0.02572427292427558, 0.02562448194463517]}, "validation_1": {"rmse": [0.13011772589148032, 0.09745650692316923, 0.07577025248368026, 0.06230063116262771, 0.05392864937390052, 0.04983956560875755, 0.04723695600232001, 0.04623384250986786, 0.04550416424432281, 0.04488757359569161, 0.04468942214588139, 0.04473269796025118, 0.04457697064400433, 0.04444477899164186, 0.04438844458335896, 0.0443173201099873, 0.0442236336713277, 0.04413967522326877, 0.04407768298808656, 0.04407277712176888, 0.0440893467362737, 0.04410831676198847, 0.04408630741900371, 0.04406186807999726, 0.04406300556629892, 0.04400601278678984, 0.04400885826386268, 0.04401293398171197, 0.04398282305765956, 0.04396911642635339, 0.04397377586696179, 0.04397929517574003, 0.04395949901947524, 0.04397260616155017, 0.04401389857125677, 0.04400535910654817, 0.0440401234727605, 0.04404015713180603, 0.04404046019748071, 0.04410152930892815, 0.04412583245060241, 0.04409553041620262, 0.04407385095474018, 0.04413781270760611, 0.04413080978785053, 0.04414581172560374, 0.04412003746497248, 0.04414337622776374, 0.04419274939734926, 0.04417022911122499, 0.04414002336203723, 0.04416703660224065, 0.04416431425032016, 0.0441961833339833, 0.04422256636915255, 0.04423600688521961, 0.04423765151593797, 0.04420835811312972, 0.04419319325451266, 0.04420569609805543, 0.04420007886964505, 0.04419459731187155, 0.04420892197415704, 0.04419813153834976, 0.04420150088473955, 0.044215611556593, 0.04419370488743179, 0.04419668405406146, 0.0442388285203708, 0.04431353029049935, 0.0442956496725832, 0.04432745776278908, 0.04435555171610776, 0.0443450666349033, 0.04437094871109006, 0.04440971884276861, 0.0444100436698241, 0.04441283583146689, 0.04441424853716985, 0.04441190618035656, 0.04442487267597373, 0.04449627482579254, 0.04448619313245247, 0.04449191204305455, 0.04452934677309112, 0.0445536279577208, 0.04456150401714681, 0.04455381077388888, 0.04456817187398839, 0.04458897032439263, 0.04462365410584525, 0.04463274579611223, 0.04462758872997947, 0.04463930642061229, 0.04463744070284068, 0.04465534811282554, 0.04468982070454024, 0.04470075390161957, 0.04470853067801132, 0.04471495255310721]}}