{"loss": [0.030035629868507385, 0.025351785123348236, 0.024314528331160545, 0.02324630320072174, 0.02195252850651741, 0.020420242100954056, 0.018643153831362724, 0.016733579337596893, 0.014736161567270756], "val_loss": [0.020498594269156456, 0.021481510251760483, 0.020091701298952103, 0.0210026316344738, 0.01978040672838688, 0.0211490485817194, 0.020732389762997627, 0.022569775581359863, 0.023006977513432503]}