{"loss": [0.0075659737922251225, 0.0027297991327941418, 0.002231182064861059, 0.002037896541878581, 0.0019659288227558136, 0.0019202493131160736, 0.001889697858132422, 0.0018743487307801843, 0.0018438571132719517, 0.001822649734094739, 0.001804367289878428, 0.0017861580708995461, 0.00176490587182343, 0.0017582463333383203, 0.0017513291677460074, 0.0017472293693572283], "val_loss": [0.003435239428654313, 0.0026598069816827774, 0.0024944425094872713, 0.0022246576845645905, 0.002170200226828456, 0.002155954483896494, 0.0024494172539561987, 0.0021991177927702665, 0.002108723158016801, 0.002179412404075265, 0.0020486305002123117, 0.002033200114965439, 0.002089284360408783, 0.0022993700113147497, 0.002118781441822648, 0.002074196934700012]}