{"loss": [0.017425693571567535, 0.012139533646404743, 0.011791650205850601, 0.01168442890048027, 0.01139949169009924, 0.011351353488862514, 0.011226379312574863, 0.01114585530012846, 0.01108357310295105, 0.010981121100485325, 0.010886555537581444], "val_loss": [0.011263582855463028, 0.011452852748334408, 0.011175788007676601, 0.012321553193032742, 0.012713315896689892, 0.011375864036381245, 0.011070326901972294, 0.011600512079894543, 0.01129063032567501, 0.01126839779317379, 0.011201422661542892]}