{"loss": [0.015133984386920929, 0.013355052098631859, 0.01307803113013506, 0.012645566835999489, 0.0124462079256773, 0.012105396017432213, 0.011791205033659935], "val_loss": [0.01371853332966566, 0.0141367819160223, 0.013642348349094391, 0.015351138077676296, 0.014509781263768673, 0.014723815955221653, 0.014956685714423656]}