{"loss": [0.01812010072171688, 0.016102680936455727, 0.015772536396980286, 0.015473750419914722, 0.015345769003033638, 0.015219684690237045, 0.01511638518422842, 0.015112606808543205, 0.015006659552454948, 0.014887984842061996, 0.014878375455737114, 0.01477403100579977, 0.014721764251589775], "val_loss": [0.015264544636011124, 0.015493989922106266, 0.014926452189683914, 0.014950089156627655, 0.01491370890289545, 0.014506486244499683, 0.01682073064148426, 0.014674597419798374, 0.014231891371309757, 0.015357301570475101, 0.014287730678915977, 0.014303919859230518, 0.014612245373427868]}