{"loss": [0.018985141068696976, 0.01444951817393303, 0.013756535947322845, 0.01334967091679573, 0.013039441779255867, 0.012857726775109768, 0.012714922428131104, 0.01252434216439724, 0.012461808510124683, 0.012373007833957672, 0.012225832790136337, 0.012110241688787937], "val_loss": [0.014833022840321064, 0.013252564705908298, 0.01347316149622202, 0.012703153304755688, 0.01429676078259945, 0.014215350151062012, 0.013721215538680553, 0.012639740481972694, 0.013789443299174309, 0.013947196304798126, 0.013914558105170727, 0.013320503756403923]}