{"loss": [0.007438984699547291, 0.0023006033152341843, 0.0019064428051933646, 0.0017846589908003807, 0.0017285225912928581, 0.0016880275215953588, 0.0016893567517399788, 0.0016282752621918917, 0.001607821905054152, 0.0015863635344430804, 0.0015928512439131737, 0.0015654029557481408, 0.0015592696145176888, 0.0015473613748326898, 0.0015434783417731524, 0.001519538345746696, 0.0015015611425042152], "val_loss": [0.002894867677241564, 0.0022089199628680944, 0.0021261100191622972, 0.0021675829775631428, 0.0020311763510107994, 0.0022790899965912104, 0.0020042425021529198, 0.0019077169708907604, 0.0023674836847931147, 0.0018844841979444027, 0.001901513896882534, 0.001851564389653504, 0.0018260987708345056, 0.0018823831342160702, 0.0024458186235278845, 0.0019206260330975056, 0.002061565173789859]}