{"loss": [0.007500180974602699, 0.0027338522486388683, 0.0027391158509999514, 0.0027484565507620573, 0.0027365158312022686], "val_loss": [0.0031167787965387106, 0.0033157633151859045, 0.003568236483260989, 0.0031583751551806927, 0.0031650899909436703]}