{"loss": [0.015673914924263954, 0.013010313734412193, 0.012445548549294472, 0.011684579774737358, 0.011106309480965137], "val_loss": [0.01378863025456667, 0.014447858557105064, 0.014100459404289722, 0.01535356417298317, 0.01542663760483265]}