{"loss": [0.016912735998630524, 0.014086727052927017, 0.013197360560297966, 0.012562265619635582, 0.011729482561349869], "val_loss": [0.014288431033492088, 0.016058627516031265, 0.015072857029736042, 0.015064739622175694, 0.01637684553861618]}