{"loss": [0.014828602783381939, 0.01364569179713726, 0.013233303092420101, 0.013001811690628529, 0.012842221185564995, 0.012632295489311218, 0.012533101253211498, 0.012385189533233643, 0.012301699258387089], "val_loss": [0.015218840911984444, 0.013817396946251392, 0.015209149569272995, 0.013520497828722, 0.013350959867238998, 0.014454778283834457, 0.01384327095001936, 0.013590431772172451, 0.013451000675559044]}