{"loss": [0.008421958424150944, 0.002514655701816082, 0.0022238532546907663, 0.002148374915122986, 0.0021474536042660475, 0.00212761084549129, 0.0021124021150171757, 0.002089062239974737, 0.0020886496640741825, 0.0020644550677388906, 0.002042792271822691, 0.002046521520242095, 0.0020285598002374172, 0.0020257290452718735, 0.0020136400125920773, 0.0020147052127867937, 0.002009367337450385, 0.0020038699731230736], "val_loss": [0.0032847411930561066, 0.002703443868085742, 0.0025073110591620207, 0.00238731037825346, 0.0025672719348222017, 0.002439654665067792, 0.002376057207584381, 0.002490186132490635, 0.0023592240177094936, 0.002329426584765315, 0.002359590260311961, 0.0023634396493434906, 0.0023813233710825443, 0.0023182323202490807, 0.0024116893764585257, 0.002319097751751542, 0.00234617805108428, 0.002343133557587862]}