{"loss": [0.015555785037577152, 0.013378007337450981, 0.012962150387465954, 0.012756560929119587, 0.012513146735727787, 0.012372666969895363, 0.012170468457043171, 0.012072240933775902, 0.01179097406566143, 0.011673648841679096, 0.011478140018880367, 0.011359752155840397, 0.011176731437444687, 0.011035211384296417, 0.010870389640331268, 0.010672617703676224], "val_loss": [0.012912904843688011, 0.013160855509340763, 0.013145660981535912, 0.012623289600014687, 0.013716387562453747, 0.01290024071931839, 0.013080772943794727, 0.012593332678079605, 0.012663405388593674, 0.012564239092171192, 0.013069898821413517, 0.012517519295215607, 0.012812064029276371, 0.012801703996956348, 0.01439389493316412, 0.013147186487913132]}