{"loss": [0.003410388482734561, 0.0018606869271025062, 0.0017647716449573636, 0.0017032738542184234, 0.0016735974932089448, 0.0016442423220723867, 0.0016051840502768755, 0.0015859544510021806, 0.0015718949725851417, 0.00155450904276222, 0.0015359849203377962, 0.001515112118795514, 0.0015119790332391858, 0.0014974504010751843, 0.0014839713694527745, 0.0014659622684121132], "val_loss": [0.001650147489272058, 0.0014764807419851422, 0.00141604570671916, 0.0013736875262111425, 0.001373836537823081, 0.0015219298657029867, 0.0013834970304742455, 0.0013392617693170905, 0.0013259018305689096, 0.0013474542647600174, 0.0013514250749722123, 0.0012858789414167404, 0.0013840387109667063, 0.0013463615905493498, 0.0014151678187772632, 0.0012999819591641426]}