{"loss": [0.008804953657090664, 0.0027212549466639757, 0.0027293507009744644, 0.002733205910772085, 0.0027180779725313187, 0.0027290345169603825, 0.002716737100854516, 0.0027291257865726948, 0.002732650376856327, 0.0027310738805681467, 0.002738879295065999], "val_loss": [0.003162969835102558, 0.0031255269423127174, 0.0030903632286936045, 0.0031686602160334587, 0.0031084325164556503, 0.003160677617415786, 0.0030869829934090376, 0.003088640980422497, 0.0031301374547183514, 0.0031334867235273123, 0.003098591696470976]}