{"loss": [0.014722578227519989, 0.013023756444454193, 0.012593865394592285, 0.01200841087847948, 0.011464503593742847, 0.010896388441324234], "val_loss": [0.012731305323541164, 0.011947061866521835, 0.012563207186758518, 0.013398217037320137, 0.012387784197926521, 0.012723555788397789]}