{"loss": [0.017262132838368416, 0.01382657140493393, 0.01335638016462326, 0.01301116868853569, 0.012829497456550598, 0.01265397947281599, 0.012488570995628834], "val_loss": [0.013855647295713425, 0.014854741282761097, 0.013206356205046177, 0.013387822546064854, 0.013999086804687977, 0.013648143969476223, 0.015211326070129871]}