{"loss": [0.015160365961492062, 0.013551821000874043, 0.013096834532916546, 0.012751977890729904, 0.012440838851034641, 0.012154730968177319, 0.011935326270759106], "val_loss": [0.013434503227472305, 0.014389566145837307, 0.013316529802978039, 0.014517930336296558, 0.014827991835772991, 0.014653250575065613, 0.013982446864247322]}