{"loss": [0.01487866509705782, 0.013087425380945206, 0.012646193616092205, 0.012257825583219528, 0.011684911325573921, 0.011160959489643574, 0.010513631626963615], "val_loss": [0.01356782391667366, 0.015774723142385483, 0.013477870263159275, 0.014944802038371563, 0.01501324400305748, 0.014435132965445518, 0.014795700088143349]}