{"loss": [0.013954111374914646, 0.011402387171983719, 0.010945857502520084, 0.010479224845767021, 0.010091075673699379, 0.00979292020201683, 0.009596428833901882, 0.009295770898461342, 0.009020308032631874, 0.008697472512722015, 0.00848268810659647], "val_loss": [0.012048706412315369, 0.011604642495512962, 0.0125574367120862, 0.011387382633984089, 0.011800427921116352, 0.01222438458353281, 0.011181565001606941, 0.011659249663352966, 0.01160582434386015, 0.012330718338489532, 0.014798551797866821]}