{"loss": [0.016006257385015488, 0.013301345519721508, 0.012464077211916447, 0.011476789601147175, 0.0103661073371768, 0.008889655582606792, 0.0073253619484603405], "val_loss": [0.013733329251408577, 0.013813897036015987, 0.013700510375201702, 0.01631806045770645, 0.019927654415369034, 0.018168633803725243, 0.01950288936495781]}