{"loss": [0.018441224470734596, 0.015963096171617508, 0.015309642069041729, 0.01484865415841341, 0.014707261696457863, 0.014511543326079845, 0.01426317822188139, 0.013973859138786793], "val_loss": [0.016190093010663986, 0.015958648175001144, 0.016496505588293076, 0.014926247298717499, 0.015678448602557182, 0.0150637561455369, 0.016287347301840782, 0.01596880704164505]}