{"loss": [0.013575905002653599, 0.01176136638969183, 0.011477610096335411, 0.011184529401361942, 0.01100958976894617, 0.01093040220439434], "val_loss": [0.013066546991467476, 0.011029040440917015, 0.012519696727395058, 0.01226029358804226, 0.011684251949191093, 0.01146157830953598]}