{"loss": [0.016454778611660004, 0.013456311076879501, 0.012860633432865143, 0.012403512373566628, 0.01191773358732462], "val_loss": [0.013690444640815258, 0.01610328070819378, 0.014047936536371708, 0.015468206256628036, 0.014832734130322933]}