{"loss": [0.015167973935604095, 0.013178440742194653, 0.012650449760258198, 0.012081291526556015, 0.011449006386101246, 0.010886919684708118], "val_loss": [0.01494956947863102, 0.01358658168464899, 0.013727089390158653, 0.014225723221898079, 0.016070261597633362, 0.01483108289539814]}