{"loss": [0.004554224666208029, 0.0019435208523645997, 0.0017639739671722054, 0.0017086673760786653, 0.00170905829872936, 0.0016777798300608993, 0.0016244928119704127, 0.0016201598336920142, 0.0015954469563439488, 0.0015563447959721088, 0.0015442409785464406, 0.0015390294138342142, 0.0015175389125943184, 0.0015073084505274892, 0.0015108151128515601, 0.001461934531107545], "val_loss": [0.0035365778021514416, 0.002059162361547351, 0.002147805644199252, 0.0020579819101840258, 0.0019313283264636993, 0.0019124193349853158, 0.0019479651236906648, 0.0018919295398518443, 0.0020906769204884768, 0.0021620788611471653, 0.0020129557233303785, 0.001844493206590414, 0.002069405745714903, 0.0019185140263289213, 0.0022069283295422792, 0.0019664978608489037]}