{"loss": [0.015644988045096397, 0.013110017403960228, 0.01262532640248537, 0.012136896140873432, 0.011543533764779568, 0.010787272825837135], "val_loss": [0.01624176651239395, 0.013234158977866173, 0.01782943867146969, 0.013513066805899143, 0.01755344122648239, 0.01653187721967697]}