{"loss": [0.013306441716849804, 0.01093901228159666, 0.010453743860125542, 0.010113640688359737, 0.009802318178117275, 0.009507455863058567], "val_loss": [0.011783715337514877, 0.010928823612630367, 0.011096656322479248, 0.011296997778117657, 0.010929137468338013, 0.011340714059770107]}