{"loss": [0.006247476674616337, 0.002041243016719818, 0.0018093581311404705, 0.001759722945280373, 0.0017220317386090755, 0.0016888650134205818, 0.001678552944213152, 0.0016105488175526261, 0.0016149078728631139, 0.0015900891739875078], "val_loss": [0.0024666159879416227, 0.002316687721759081, 0.0023019311483949423, 0.0019834619015455246, 0.0019521432695910335, 0.0018781274557113647, 0.001977967331185937, 0.0019596023485064507, 0.0020766458474099636, 0.0019124512327834964]}