{"loss": [0.020042600110173225, 0.016743503510951996, 0.016430940479040146, 0.01629115268588066, 0.0161423422396183, 0.016057873144745827, 0.016026657074689865, 0.015958227217197418, 0.015895308926701546, 0.015856292098760605, 0.015739519149065018, 0.015686793252825737, 0.015661437064409256, 0.01562613621354103], "val_loss": [0.015942784026265144, 0.015518820844590664, 0.015855880454182625, 0.015274924226105213, 0.015187383629381657, 0.015146799385547638, 0.015053805895149708, 0.015310261398553848, 0.015101579017937183, 0.014891215600073338, 0.015144462697207928, 0.015926968306303024, 0.01514146476984024, 0.016508709639310837]}