{"loss": [0.008392873220145702, 0.00271752942353487, 0.002713761990889907, 0.0027157648000866175, 0.0027201229240745306, 0.0027051945216953754, 0.0027234626468271017, 0.002710835076868534, 0.0027084581088274717, 0.0027076590340584517], "val_loss": [0.0031123566441237926, 0.003178928978741169, 0.003106617834419012, 0.003153893630951643, 0.0031098639592528343, 0.0030883299186825752, 0.0031071144621819258, 0.0031082364730536938, 0.0030900442507117987, 0.0031491974368691444]}