{"loss": [0.013640220277011395, 0.011050354689359665, 0.010545443743467331, 0.0100878169760108, 0.009599454700946808, 0.009028353728353977, 0.008518225513398647, 0.007901216857135296, 0.007047479506582022, 0.006181858479976654], "val_loss": [0.012341093271970749, 0.011378134600818157, 0.011387357488274574, 0.012368904426693916, 0.011790918186306953, 0.011189049109816551, 0.01250496506690979, 0.013284479267895222, 0.014083849266171455, 0.0154331149533391]}