{"loss": [0.014148464426398277, 0.010988850146532059, 0.010645645670592785, 0.010328766889870167, 0.010027069598436356, 0.00985679030418396], "val_loss": [0.01049031037837267, 0.01043415255844593, 0.010815027169883251, 0.010434288531541824, 0.010670909658074379, 0.010455964133143425]}