{"loss": [0.0035843534860759974, 0.001975130056962371, 0.0017432878958061337, 0.001700521563179791, 0.0016649187309667468, 0.0016332726227119565, 0.0016118682688102126, 0.0015870213974267244, 0.0015656778123229742], "val_loss": [0.0017724995268508792, 0.002199388574808836, 0.0015102522447705269, 0.0015196541789919138, 0.0013421598123386502, 0.0014341050991788507, 0.001474509364925325, 0.0015231533907353878, 0.0013497797772288322]}