{"loss": [0.008796144276857376, 0.0027387309819459915, 0.002329397015273571, 0.0022717914544045925, 0.0022666899021714926, 0.0022641299292445183, 0.0022497838363051414, 0.002257159911096096, 0.002243259223178029, 0.0022416869178414345, 0.0022354538086801767, 0.0022264502476900816, 0.0022257305681705475, 0.0022228388115763664, 0.002212505554780364, 0.002206698525696993, 0.002207454526796937, 0.0021949070505797863], "val_loss": [0.0038766360376030207, 0.002770256483927369, 0.0028770051430910826, 0.002667264314368367, 0.0026960072573274374, 0.0027376969810575247, 0.0026811519637703896, 0.0026280025485903025, 0.0026911438908427954, 0.0027880456764250994, 0.0026269680820405483, 0.00272316369228065, 0.0026300358586013317, 0.0025975604075938463, 0.002617922145873308, 0.0026001983787864447, 0.002615762874484062, 0.0026048803701996803]}