{"loss": [0.014208911918103695, 0.01159256137907505, 0.010676298290491104, 0.010117551311850548, 0.009126360528171062, 0.008131156675517559, 0.006994381081312895, 0.006026974879205227], "val_loss": [0.013621436432003975, 0.012055356986820698, 0.01639552414417267, 0.011969376355409622, 0.012544159777462482, 0.013432296924293041, 0.0155448317527771, 0.01330578699707985]}