{"loss": [0.01595460996031761, 0.013473448343575, 0.012766356579959393, 0.012311174534261227, 0.011884000152349472, 0.01139859203249216, 0.010971907526254654], "val_loss": [0.013675232417881489, 0.017817145213484764, 0.013670114800333977, 0.014510742388665676, 0.014410069212317467, 0.015794549137353897, 0.015307369641959667]}