{"loss": [0.014146234840154648, 0.011651752516627312, 0.010801269672811031, 0.010327962227165699, 0.009845620952546597, 0.009303906932473183], "val_loss": [0.011885619722306728, 0.01121568027883768, 0.012106851674616337, 0.012466494925320148, 0.011982804164290428, 0.012171793729066849]}