{"loss": [0.015392919071018696, 0.0130880456417799, 0.012693403288722038, 0.0119822071865201, 0.011400001123547554, 0.01071917824447155, 0.009723303839564323], "val_loss": [0.014909426681697369, 0.013939964585006237, 0.013499917462468147, 0.0144859179854393, 0.015387145802378654, 0.016797898337244987, 0.015972036868333817]}