{"loss": [0.013871634379029274, 0.011493598110973835, 0.011007734574377537, 0.010601534508168697, 0.01036404725164175, 0.010084726847708225], "val_loss": [0.013979124836623669, 0.011233745142817497, 0.011645197868347168, 0.011456631124019623, 0.011622702702879906, 0.012544567696750164]}