{"loss": [0.037275806069374084, 0.03183170035481453, 0.031193852424621582, 0.030620824545621872, 0.030497848987579346, 0.03049754910171032, 0.030517680570483208, 0.03052753582596779], "val_loss": [0.03460703045129776, 0.03317684680223465, 0.03428952768445015, 0.03237202391028404, 0.032863497734069824, 0.03491608798503876, 0.03307443857192993, 0.032659586519002914]}