{"loss": [0.014295311644673347, 0.01202209759503603, 0.011633189395070076, 0.01127016730606556, 0.011065305210649967, 0.010983734391629696, 0.010846318677067757, 0.010702709667384624], "val_loss": [0.011613919399678707, 0.011479378677904606, 0.011947670951485634, 0.011087984777987003, 0.01150716096162796, 0.011194140650331974, 0.011576075106859207, 0.011573457159101963]}