{"loss": [0.013782748021185398, 0.011537712067365646, 0.010950107127428055, 0.010643615387380123, 0.01045199017971754, 0.010251080617308617, 0.01000622846186161, 0.009809800423681736, 0.009584632702171803, 0.009445643983781338, 0.009182136505842209], "val_loss": [0.014972954988479614, 0.013352137058973312, 0.011328966356813908, 0.012218439020216465, 0.013520811684429646, 0.011329079046845436, 0.010941031388938427, 0.011188823729753494, 0.011950665153563023, 0.013284699060022831, 0.011401478201150894]}