{"loss": [0.0041312118992209435, 0.001929862191900611, 0.001810758258216083, 0.00170864665415138, 0.0016797276912257075, 0.0016416199505329132, 0.0016274999361485243, 0.0016032301355153322, 0.0015759958187118173, 0.001542956568300724, 0.0015460244612768292, 0.001525790081359446, 0.0015116337453946471, 0.0014984504086896777, 0.0014886822318658233, 0.0014759204350411892, 0.001467111287638545, 0.001458647078834474, 0.0014304921496659517, 0.0014419695362448692], "val_loss": [0.002378164790570736, 0.002252185484394431, 0.002511346247047186, 0.002014951081946492, 0.0026076326612383127, 0.002424437552690506, 0.0019720792770385742, 0.0019783833995461464, 0.0024013747461140156, 0.0019442701013758779, 0.0018657695036381483, 0.001976060215383768, 0.0021034597884863615, 0.0019137969939038157, 0.0018181740306317806, 0.001791753456927836, 0.0018715091282501817, 0.001835073810070753, 0.001841630320996046, 0.001803610473871231]}