{"loss": [0.004204242955893278, 0.0021584106143563986, 0.0019752264488488436, 0.0018747387221083045, 0.0018414368387311697, 0.0018333978950977325, 0.0017842306988313794, 0.0017580046551302075, 0.0017510853940621018, 0.0017432774184271693, 0.0017239904263988137, 0.0017050683964043856, 0.0016987868584692478], "val_loss": [0.0030103768222033978, 0.0022108915727585554, 0.002164208795875311, 0.002034398727118969, 0.0020630101207643747, 0.002142020035535097, 0.002207157900556922, 0.0019991437438875437, 0.0019817727152258158, 0.0022369602229446173, 0.002396980533376336, 0.002211969345808029, 0.0019921199418604374]}