{"loss": [0.004095615819096565, 0.0020362914074212313, 0.0018581636250019073, 0.0017828026320785284, 0.0016940128989517689, 0.0016616941429674625, 0.0016377355204895139, 0.0016150184674188495, 0.0016074662562459707, 0.00157799175940454, 0.0015559415332973003, 0.0015660782810300589, 0.0015360808465629816, 0.00155524758156389], "val_loss": [0.0035583290737122297, 0.0022768026683479548, 0.0021949708461761475, 0.0019811121746897697, 0.0020777639001607895, 0.002190656727179885, 0.0019557280465960503, 0.002249903278425336, 0.0019132717279717326, 0.0018953548278659582, 0.001919519854709506, 0.0022137020714581013, 0.0020005921833217144, 0.001954159466549754]}