{"loss": [0.015801049768924713, 0.01162874884903431, 0.010960589163005352, 0.010717438533902168, 0.010519666597247124, 0.010326085612177849, 0.010179270058870316, 0.010064859874546528, 0.009922616183757782, 0.009788316674530506], "val_loss": [0.01173100434243679, 0.010976477526128292, 0.011053760536015034, 0.011237453669309616, 0.010918659158051014, 0.010821904055774212, 0.011460850946605206, 0.011352782137691975, 0.011908723041415215, 0.01113914418965578]}