{"loss": [0.014090352691709995, 0.011456695385277271, 0.010797563940286636, 0.010101297870278358, 0.009363001212477684, 0.00851480569690466, 0.007698382250964642, 0.006722492165863514], "val_loss": [0.012784040533006191, 0.011647643521428108, 0.0131396958604455, 0.011251171119511127, 0.012349075637757778, 0.012884345836937428, 0.013239649124443531, 0.015646420419216156]}