{"loss": [0.013551727868616581, 0.011341018602252007, 0.010761860758066177, 0.010341159999370575, 0.009980933740735054], "val_loss": [0.010977025143802166, 0.011356755159795284, 0.011235001496970654, 0.011325790546834469, 0.012984785251319408]}