{"loss": [0.013789266347885132, 0.01202338095754385, 0.011609195731580257, 0.011384934186935425, 0.011238353326916695, 0.011054019443690777, 0.010928595438599586, 0.010827307589352131, 0.010674726217985153, 0.010560345835983753, 0.010488772764801979, 0.010331755504012108], "val_loss": [0.012766871601343155, 0.012464473024010658, 0.011767649091780186, 0.011122815310955048, 0.011985646560788155, 0.011492202058434486, 0.011191686615347862, 0.010855542495846748, 0.011273392476141453, 0.01217128150165081, 0.011818332597613335, 0.011644627898931503]}