{"loss": [0.015128972940146923, 0.013166185468435287, 0.012510430999100208, 0.011844528838992119, 0.0113035524263978], "val_loss": [0.013257771730422974, 0.01383992936462164, 0.014521913602948189, 0.017433524131774902, 0.016196394339203835]}