{"loss": [0.005734163802117109, 0.0020651251543313265, 0.0018644207157194614, 0.0017887154826894403, 0.001728864386677742, 0.0017180369468405843, 0.0016967228148132563, 0.0016548383282497525, 0.001647345838136971, 0.0016212075715884566, 0.0015976803842931986, 0.0015828402247279882, 0.001570422318764031, 0.0015731955645605922, 0.0015422297874465585, 0.001537261065095663, 0.0015453958185389638], "val_loss": [0.0032629058696329594, 0.0033321056980639696, 0.0024673226289451122, 0.0022101602517068386, 0.002115013310685754, 0.0020760735496878624, 0.0020285272039473057, 0.0021563125774264336, 0.001929302467033267, 0.00198941258713603, 0.0018609235994517803, 0.0018989627715200186, 0.0018506937194615602, 0.001877501024864614, 0.002096483251079917, 0.0018753341864794493, 0.0019191339379176497]}