{"loss": [0.007678280584514141, 0.0027449466288089752, 0.00237852381542325, 0.002296851249411702, 0.0022330491337925196, 0.002233247272670269, 0.002207620767876506, 0.002186479279771447, 0.002156386850401759, 0.0021240953356027603, 0.0021047252230346203, 0.0020569555927067995, 0.002042256062850356, 0.0020525469444692135, 0.002022356726229191, 0.0020187103655189276, 0.002027127193287015, 0.002016667276620865, 0.0020191664807498455, 0.0020093582570552826, 0.0020007744897156954, 0.0020076269283890724, 0.002003549365326762], "val_loss": [0.003625663463026285, 0.002868811832740903, 0.0026896281633526087, 0.0026505407877266407, 0.0025587959680706263, 0.002527466509491205, 0.0024960720911622047, 0.0025337140541523695, 0.002410388085991144, 0.0025321536231786013, 0.002342388965189457, 0.0023888610303401947, 0.0023078294470906258, 0.002438674448058009, 0.002327293623238802, 0.0024529695510864258, 0.002291732467710972, 0.0023082548286765814, 0.0022894006688147783, 0.002299494342878461, 0.002392585389316082, 0.002344210399314761, 0.002421779790893197]}