{"loss": [0.006413539405912161, 0.002023156965151429, 0.0018329547019675374, 0.0017424507532268763, 0.0017178324051201344, 0.0016443113563582301, 0.0016449250979349017, 0.0016145611880347133, 0.0015883042942732573], "val_loss": [0.0024478451814502478, 0.0021015293896198273, 0.0021416337694972754, 0.0020494593773037195, 0.0018641883507370949, 0.0019447236554697156, 0.0019516688771545887, 0.0018957152497023344, 0.001979376655071974]}