{"loss": [0.0053735715337097645, 0.00223172502592206, 0.002125736093148589, 0.002109417226165533, 0.002078802092000842, 0.002058069221675396, 0.00202552299015224, 0.0020129838958382607, 0.002002967754378915, 0.002007752191275358, 0.0019846323411911726, 0.0019877529703080654, 0.001986927818506956], "val_loss": [0.002491336315870285, 0.0023914542980492115, 0.0023467426653951406, 0.0023971351329237223, 0.0025042579509317875, 0.002454065252095461, 0.002314924728125334, 0.002331723691895604, 0.0022865242790430784, 0.002379820216447115, 0.0023538258392363787, 0.002354515017941594, 0.0023921681568026543]}