{"loss": [0.0029539577662944794, 0.0018971471581608057, 0.0017582771833986044, 0.0016903349896892905, 0.0016415149439126253, 0.0016295835375785828, 0.0016027763485908508, 0.0015892316587269306, 0.0015510274097323418, 0.001566952676512301, 0.0015382844721898437, 0.0015189817640930414, 0.0015150156104937196], "val_loss": [0.001594074536114931, 0.0014416479971259832, 0.0014298741007223725, 0.0014237165451049805, 0.001786478329449892, 0.001371724414639175, 0.0015065950574353337, 0.0013621272519230843, 0.0013341679004952312, 0.0013348361244425178, 0.0013956859475001693, 0.0013446748489513993, 0.0014191213995218277]}