{"loss": [0.017938584089279175, 0.002741726581007242, 0.002720651915296912, 0.002708103507757187, 0.00270396051928401, 0.002704696264117956, 0.0027031749486923218, 0.0026983185671269894], "val_loss": [0.00312995002605021, 0.003141566878184676, 0.0031410139054059982, 0.003095715306699276, 0.0031376888509839773, 0.0031189103610813618, 0.003128883894532919, 0.0031666401773691177]}