{"loss": [0.01471952348947525, 0.013123991899192333, 0.01262796949595213, 0.012302374467253685, 0.011775459162890911], "val_loss": [0.012813163921236992, 0.014472630806267262, 0.013211587443947792, 0.014673774130642414, 0.014905104413628578]}