{"loss": [0.015119193121790886, 0.013386441394686699, 0.013028531335294247, 0.012683414854109287, 0.012362509965896606, 0.012062544003129005], "val_loss": [0.01948983035981655, 0.013256135396659374, 0.014380785636603832, 0.014604862779378891, 0.01385488361120224, 0.014687986113131046]}