{"loss": [0.008109194226562977, 0.004042556509375572, 0.0037201885133981705, 0.003575871931388974, 0.0034550330601632595, 0.0033905599266290665, 0.003304143436253071, 0.003293984103947878, 0.0032320767641067505, 0.003174153622239828, 0.00309568690136075, 0.0030770052690058947, 0.0030126869678497314, 0.0029735376592725515, 0.002932060044258833, 0.0028699683025479317], "val_loss": [0.00502987764775753, 0.00411946140229702, 0.004570016171783209, 0.00407629506662488, 0.00404307572171092, 0.004173203371465206, 0.004027307033538818, 0.004506180062890053, 0.004266380798071623, 0.003733104094862938, 0.004156121052801609, 0.0037160967476665974, 0.0038716162089258432, 0.003965463023632765, 0.00425716582685709, 0.0038654464296996593]}