{"loss": [0.015302672050893307, 0.012981213629245758, 0.012413370423018932, 0.011539032682776451, 0.010771178640425205], "val_loss": [0.013153210282325745, 0.013873498886823654, 0.014631650410592556, 0.0158150102943182, 0.016530726104974747]}