{"loss": [0.004385029431432486, 0.0019436818547546864, 0.001780209713615477, 0.0016879357863217592, 0.0016794564435258508, 0.0016444830689579248, 0.0016259528929367661, 0.001581866992637515], "val_loss": [0.0022241624537855387, 0.0021553037222474813, 0.0028483252972364426, 0.00195366726256907, 0.0019613932818174362, 0.001990152057260275, 0.001973982434719801, 0.0020729266107082367]}