{"loss": [0.01564277708530426, 0.013409328646957874, 0.01290584821254015, 0.012446954846382141, 0.012149886228144169], "val_loss": [0.013326313346624374, 0.01622963882982731, 0.013625916093587875, 0.014532146044075489, 0.014244579710066319]}