{"loss": [0.01325843296945095, 0.002756407717242837, 0.0027143878396600485, 0.002724873833358288, 0.002712709130719304, 0.002728573512285948], "val_loss": [0.003212836105376482, 0.00309892394579947, 0.00319091510027647, 0.0031247336883097887, 0.003139728447422385, 0.003163345856592059]}