{"loss": [0.01405487023293972, 0.011758851818740368, 0.011500228196382523, 0.011251316405832767, 0.010992985218763351, 0.010831563733518124, 0.010726723819971085, 0.010644440539181232, 0.01049872301518917, 0.010366516187787056, 0.01022101566195488, 0.010080760344862938], "val_loss": [0.011555387638509274, 0.011260013096034527, 0.013108509592711926, 0.011412893421947956, 0.012713138945400715, 0.011011162772774696, 0.011464029550552368, 0.010957377962768078, 0.011074659414589405, 0.011187048628926277, 0.01149545144289732, 0.012573166750371456]}