{"loss": [0.013249881565570831, 0.01095080841332674, 0.010322056710720062, 0.009644873440265656, 0.009133143350481987, 0.00839812122285366, 0.007561755366623402], "val_loss": [0.011608392000198364, 0.012874969281256199, 0.01088767684996128, 0.012242519296705723, 0.011749869212508202, 0.01576916128396988, 0.013049783185124397]}