{"loss": [0.006180003751069307, 0.0023349097464233637, 0.0021754892077296972, 0.0021418037358671427, 0.0021134396083652973, 0.002091082511469722, 0.002076484030112624, 0.0020631521474570036, 0.002056360710412264, 0.0020416409242898226, 0.002046177163720131, 0.0020261129830032587, 0.0020136574748903513, 0.0020128630567342043, 0.0020083924755454063, 0.001999481813982129], "val_loss": [0.002765438286587596, 0.0024537125136703253, 0.0023876132909208536, 0.0026395339518785477, 0.002513625891879201, 0.0023960734251886606, 0.0023655020631849766, 0.002368534216657281, 0.002474757144227624, 0.002337612444534898, 0.002395271323621273, 0.0023003423120826483, 0.0023153622169047594, 0.0023105551954358816, 0.0023714080452919006, 0.0023555464576929808]}