{"loss": [0.01377948373556137, 0.011011206544935703, 0.010469547472894192, 0.01002463512122631, 0.009624021127820015, 0.009259271435439587, 0.008761990815401077, 0.008354702964425087], "val_loss": [0.010522963479161263, 0.010641433298587799, 0.00985407643020153, 0.009809166193008423, 0.010055730119347572, 0.0102216312661767, 0.012247063219547272, 0.012480407953262329]}