{"loss": [0.013447335921227932, 0.011151893064379692, 0.010694187134504318, 0.010389688424766064, 0.010238448157906532, 0.010006522759795189], "val_loss": [0.011003478430211544, 0.010230238549411297, 0.010516730137169361, 0.010285400785505772, 0.010252753272652626, 0.01060804259032011]}