{"loss": [0.004804431460797787, 0.0019930151756852865, 0.001829667016863823, 0.0017158931586891413, 0.001686201780103147, 0.0016494549345225096, 0.001622137613594532, 0.0016078235348686576, 0.0015899124555289745, 0.0015522915637120605, 0.0015629999106749892], "val_loss": [0.00289341202005744, 0.0020386206451803446, 0.0024430821649730206, 0.0022938197944313288, 0.0019081269856542349, 0.0019307414768263698, 0.00189378228969872, 0.0019526421092450619, 0.0020186584442853928, 0.0020779415499418974, 0.001965655479580164]}