{"loss": [0.01600421406328678, 0.011342721059918404, 0.010855291038751602, 0.010507428087294102, 0.010224442929029465, 0.00995523389428854, 0.009774276986718178, 0.009580166079103947, 0.009346628561615944], "val_loss": [0.01292131096124649, 0.011592152528464794, 0.011962609365582466, 0.011399880982935429, 0.010877272114157677, 0.013203165493905544, 0.012130367569625378, 0.011195025406777859, 0.011446782387793064]}