{"loss": [0.0045457566156983376, 0.0019055301090702415, 0.0017424565739929676, 0.0017384981038048863, 0.0016788234934210777, 0.0016707851318642497, 0.0016613365150988102, 0.0015912853414192796, 0.0016060296911746264, 0.001575339469127357, 0.0015681985532864928, 0.0015346761792898178, 0.0015499123837798834, 0.0015203093644231558, 0.0015156612498685718], "val_loss": [0.0029942868277430534, 0.0020598499104380608, 0.0022917159367352724, 0.0019498057663440704, 0.0018798408564180136, 0.001959368586540222, 0.001981759211048484, 0.0018386373994871974, 0.0019158159848302603, 0.001978294225409627, 0.0018227477557957172, 0.0026907448191195726, 0.002077039098367095, 0.001955869607627392, 0.001874560141004622]}