{"loss": [0.015027826651930809, 0.013151844963431358, 0.012464134022593498, 0.011909675784409046, 0.011398367583751678, 0.01085465308278799, 0.010287330485880375, 0.009718859568238258, 0.009282069280743599], "val_loss": [0.014972222968935966, 0.016024990007281303, 0.014849386177957058, 0.014822316356003284, 0.01449564378708601, 0.015101786702871323, 0.018798651173710823, 0.017258334904909134, 0.016383448615670204]}