{"loss": [0.006147199310362339, 0.0022490709088742733, 0.001910614431835711, 0.0017928874585777521, 0.0017186451004818082, 0.0016911407001316547, 0.0016543542733415961, 0.0016157091595232487, 0.0016134345205500722, 0.0015940576558932662, 0.0015800558030605316, 0.0015624010702595115, 0.0015332276234403253, 0.0015493225073441863, 0.0015214281156659126], "val_loss": [0.0029488569125533104, 0.0025015324354171753, 0.0022862672340124846, 0.0019816041458398104, 0.002643094165250659, 0.0023486842401325703, 0.0020098185632377863, 0.0018941215239465237, 0.001857023686170578, 0.0018956183921545744, 0.001853744382970035, 0.00197985814884305, 0.0018697524210438132, 0.0018538227304816246, 0.0018608283717185259]}