{"loss": [0.006229132413864136, 0.002289400901645422, 0.0021728379651904106, 0.002128151012584567, 0.0021001386921852827, 0.002081649610772729, 0.002062906278297305, 0.0020413927268236876, 0.002044070279225707, 0.0020392693113535643, 0.00201620627194643, 0.0020225460175424814, 0.0020080606918781996, 0.002012682380154729, 0.00199779961258173, 0.0019944070372730494], "val_loss": [0.002646926324814558, 0.0025754545349627733, 0.002414774615317583, 0.002476037247106433, 0.0024939163122326136, 0.002368465531617403, 0.0024679582566022873, 0.002342663239687681, 0.0024335156194865704, 0.0023712278343737125, 0.002348625101149082, 0.0023125542793422937, 0.0023539678659290075, 0.0023766644299030304, 0.0024884985759854317, 0.0023692466784268618]}