{"loss": [0.01911049708724022, 0.01499528344720602, 0.014132347889244556, 0.013818723149597645, 0.0133831687271595, 0.01314962562173605, 0.012884373776614666, 0.012755054980516434], "val_loss": [0.014674938283860683, 0.014218999072909355, 0.013301135040819645, 0.01593318022787571, 0.014542348682880402, 0.013527990318834782, 0.014323951676487923, 0.013904443010687828]}