{"loss": [0.020965009927749634, 0.01526750810444355, 0.014698313549160957, 0.014396840706467628, 0.014200752601027489, 0.01413483452051878, 0.014002053067088127, 0.013859300874173641, 0.013708868063986301, 0.013692767359316349, 0.01360473781824112, 0.013477014377713203, 0.013403171673417091, 0.013374961912631989, 0.013327881693840027, 0.013275563716888428, 0.013319388963282108, 0.013161459937691689, 0.01320472452789545, 0.013212265446782112], "val_loss": [0.013584706000983715, 0.013740667141973972, 0.01388513296842575, 0.013405637815594673, 0.013349000364542007, 0.01330647524446249, 0.013691510073840618, 0.013560830615460873, 0.013912568800151348, 0.0130299748852849, 0.013640731573104858, 0.013458794914186, 0.013152061961591244, 0.013549367897212505, 0.013364816084504128, 0.013136034831404686, 0.01349900383502245, 0.013315440155565739, 0.01331407018005848, 0.013944974169135094]}