{"loss": [0.015963338315486908, 0.013420854695141315, 0.012957356870174408, 0.012658855877816677, 0.012274883687496185, 0.011881357990205288, 0.011484368704259396, 0.010816652327775955, 0.010088122449815273], "val_loss": [0.015315198339521885, 0.014523180201649666, 0.014461180195212364, 0.014417174272239208, 0.013691366650164127, 0.014964890666306019, 0.015043992549180984, 0.01675446145236492, 0.018263639882206917]}