{"loss": [0.014997816644608974, 0.01296149380505085, 0.0125443609431386, 0.012118050828576088, 0.011745273135602474, 0.011481829918920994, 0.011111654341220856], "val_loss": [0.014934085309505463, 0.016356544569134712, 0.01236723456531763, 0.012897110544145107, 0.013228175230324268, 0.014370324090123177, 0.016281936317682266]}