{"loss": [0.015085525810718536, 0.013268183916807175, 0.012730312533676624, 0.012307824566960335, 0.011730796657502651], "val_loss": [0.013457247987389565, 0.014652250334620476, 0.016097653657197952, 0.01467864029109478, 0.015523976646363735]}