{"loss": [0.006313692778348923, 0.002242292510345578, 0.001883000135421753, 0.0017737261950969696, 0.0016966882394626737, 0.001655240193940699, 0.001633112202398479, 0.0015965275233611465, 0.0016037296736612916, 0.0015852979850023985, 0.0015684834215790033, 0.0015474834945052862, 0.001550388289615512, 0.0015474569518119097, 0.0015179625479504466], "val_loss": [0.0037823054008185863, 0.002258384134620428, 0.0020924380514770746, 0.0021183008793741465, 0.0019418565789237618, 0.0021412861533463, 0.0019241771660745144, 0.0019118617055937648, 0.0019050304545089602, 0.002039166633039713, 0.0018692268058657646, 0.001957891508936882, 0.0019868826493620872, 0.002145513892173767, 0.0021647855173796415]}