{"loss": [0.015986116603016853, 0.011409277096390724, 0.010880975052714348, 0.010624978691339493, 0.010403935797512531, 0.010295962914824486, 0.010168405249714851, 0.010062949731945992, 0.009986537508666515, 0.00988567154854536, 0.009783832356333733, 0.009721987880766392, 0.009615522809326649, 0.009530497714877129, 0.009412547573447227, 0.00935532059520483, 0.009310055524110794], "val_loss": [0.011007711291313171, 0.01075881440192461, 0.010558287613093853, 0.010629815049469471, 0.01022430695593357, 0.011336468160152435, 0.009878301993012428, 0.010298513807356358, 0.009809605777263641, 0.009861979633569717, 0.010290933772921562, 0.010201887227594852, 0.009587796404957771, 0.010570725426077843, 0.009978482499718666, 0.009642897173762321, 0.010717234574258327]}