{"loss": [0.014020757749676704, 0.011490513570606709, 0.010857750661671162, 0.010471868328750134, 0.009870349429547787, 0.009358124807476997, 0.008829198777675629], "val_loss": [0.015028336085379124, 0.013035180047154427, 0.011038637720048428, 0.011827044188976288, 0.012158979661762714, 0.011409939266741276, 0.013465260155498981]}