{"loss": [0.014102320186793804, 0.011765463277697563, 0.01109376922249794, 0.010650414042174816, 0.010228701867163181, 0.010028557851910591, 0.009645218960940838, 0.009243524633347988], "val_loss": [0.014325779862701893, 0.013094435445964336, 0.01533063966780901, 0.011843706481158733, 0.012147546745836735, 0.01197070349007845, 0.01449577510356903, 0.014662062749266624]}