{"loss": [0.017221679911017418, 0.01354010496288538, 0.013101114891469479, 0.012672295793890953, 0.01222488097846508, 0.011825526133179665, 0.011337477713823318], "val_loss": [0.01388452760875225, 0.013571278192102909, 0.013297767378389835, 0.013760280795395374, 0.014835347421467304, 0.015520837157964706, 0.015895415097475052]}