{"loss": [0.006637054495513439, 0.002736410591751337, 0.0027355733327567577, 0.0027491035871207714, 0.0027622822672128677, 0.0027410374023020267, 0.002748653292655945, 0.002729489468038082, 0.002747677033767104, 0.0027384657878428698, 0.002734242705628276, 0.0027360667008906603], "val_loss": [0.0031250775791704655, 0.0031160267535597086, 0.0032401022035628557, 0.0031091920100152493, 0.0031644701957702637, 0.003217641729861498, 0.003088596975430846, 0.003101079259067774, 0.00314130331389606, 0.0032475581392645836, 0.0031503108330070972, 0.0030911285430192947]}