{"loss": [0.014721709303557873, 0.010920152068138123, 0.010627527721226215, 0.010292994789779186, 0.010210602544248104, 0.00990829337388277], "val_loss": [0.011603431776165962, 0.01035143993794918, 0.010360502637922764, 0.011600629426538944, 0.010566341690719128, 0.01086980476975441]}