{"loss": [0.014839265495538712, 0.013326043263077736, 0.012903330847620964, 0.012577480636537075, 0.012385208159685135, 0.012159261852502823], "val_loss": [0.01573285460472107, 0.012026531621813774, 0.012453676201403141, 0.012596999295055866, 0.013197062537074089, 0.01243017427623272]}