{"loss": [0.006008452270179987, 0.002227580174803734, 0.0019468312384560704, 0.0018399382242932916, 0.0017936306539922953, 0.0017486261203885078, 0.001735792262479663, 0.0017143003642559052, 0.001675863633863628, 0.0016667257295921445, 0.0016455927398055792, 0.001628565019927919, 0.0015948563814163208, 0.0015944847837090492, 0.0015842296415939927, 0.0015660451026633382, 0.0015585435321554542, 0.00156617711763829, 0.0015557315200567245, 0.00153736409265548, 0.0015344187850132585, 0.0015229444252327085, 0.00152217922732234], "val_loss": [0.0028216971550136805, 0.002374744974076748, 0.0023016738705337048, 0.0021335873752832413, 0.0020490314345806837, 0.002957843476906419, 0.001989827724173665, 0.002158856950700283, 0.0021346709690988064, 0.002050718292593956, 0.0019302999135106802, 0.0019222398987039924, 0.002048179507255554, 0.001889594946987927, 0.0018559525487944484, 0.0018752801697701216, 0.0018399187829345465, 0.0019289258634671569, 0.001811330788768828, 0.0018319120863452554, 0.0019745572935789824, 0.0018271481385454535, 0.0018615905428305268]}