{"loss": [0.015160677954554558, 0.011652766726911068, 0.010978812351822853, 0.010555105283856392, 0.010094081982970238, 0.009629471227526665, 0.009207024239003658, 0.008867437951266766, 0.008488783612847328], "val_loss": [0.012042592279613018, 0.011825939640402794, 0.011793450452387333, 0.012132108211517334, 0.01151889655739069, 0.013774341903626919, 0.012165337800979614, 0.012905661016702652, 0.013075560331344604]}