{"loss": [0.014783822000026703, 0.013179333880543709, 0.012848439626395702, 0.012589448131620884, 0.012298875488340855, 0.012121202424168587], "val_loss": [0.012995731085538864, 0.012321786023676395, 0.01260322891175747, 0.012668157927691936, 0.013199751265347004, 0.012745060957968235]}