{"loss": [0.014167188666760921, 0.011291456408798695, 0.010603909380733967, 0.009960997849702835, 0.009143161587417126, 0.008291834965348244], "val_loss": [0.01716187596321106, 0.011651943437755108, 0.013583749532699585, 0.011987295001745224, 0.012829191982746124, 0.013662245124578476]}