{"loss": [0.017065031453967094, 0.0041396962478756905, 0.0025610195007175207, 0.002356847282499075, 0.00229898514226079, 0.0022946284152567387, 0.0022833782713860273, 0.002293969504535198, 0.0022797631099820137, 0.0022769237402826548, 0.002269699238240719, 0.0022629897575825453, 0.0022556623443961143, 0.0022465744987130165, 0.0022432804107666016, 0.0022350952494889498, 0.0022241552360355854, 0.0022140182554721832, 0.0022163724061101675, 0.002207863377407193, 0.0022091700229793787, 0.002208452206104994, 0.0022100063506513834, 0.0022023378405719995, 0.002199661685153842, 0.0022015694994479418, 0.002195721957832575, 0.0021929151844233274, 0.0021876369137316942, 0.002199933398514986], "val_loss": [0.006492841988801956, 0.003188097383826971, 0.0027375647332519293, 0.0026977297384291887, 0.0031692758202552795, 0.002659797901287675, 0.003051598323509097, 0.0026613357476890087, 0.002649538451805711, 0.002698162803426385, 0.0026396242901682854, 0.00266045774333179, 0.0027644492220133543, 0.0026174718514084816, 0.002846169052645564, 0.002654652576893568, 0.0026138057000935078, 0.002604688284918666, 0.0026013965252786875, 0.0025996104814112186, 0.002626468427479267, 0.002617588499560952, 0.0025896860752254725, 0.002580899279564619, 0.002631731331348419, 0.002576627768576145, 0.0025858553126454353, 0.0026053839828819036, 0.002638758858665824, 0.0026645944453775883]}