{"loss": [0.0075405193492770195, 0.002146324375644326, 0.0019014321733266115, 0.0017635698895901442, 0.001733526005409658, 0.001672502257861197, 0.0016611875034868717, 0.0016238121315836906, 0.001622858108021319, 0.0015876367688179016, 0.001595821580849588, 0.0015572034753859043, 0.0015443473821505904, 0.0015339110977947712], "val_loss": [0.0026213019154965878, 0.002301046857610345, 0.002118920674547553, 0.002141484757885337, 0.0019621290266513824, 0.0019352193921804428, 0.0018801436526700854, 0.002115924609825015, 0.0018688428681343794, 0.0018624020740389824, 0.002006900031119585, 0.0019240936962887645, 0.0019911418203264475, 0.0019010526593774557]}