{"loss": [0.018747085705399513, 0.0027405950240790844, 0.0027150928508490324, 0.002705586375668645, 0.002702544443309307, 0.002700445707887411, 0.0027066401671618223, 0.0026950764004141092, 0.002702045487239957, 0.0027051407378166914, 0.0027013218495994806], "val_loss": [0.0031582415103912354, 0.0031393752433359623, 0.0031345265451818705, 0.003112911246716976, 0.00310349534265697, 0.0030903397127985954, 0.003090253798291087, 0.003097519977018237, 0.0030932254157960415, 0.0030977504793554544, 0.003093393286690116]}