{"loss": [0.015482124872505665, 0.013216421939432621, 0.012680652551352978, 0.01212566439062357, 0.011434221640229225, 0.010493201203644276], "val_loss": [0.015025417320430279, 0.013470219448208809, 0.013903256505727768, 0.014612332917749882, 0.01466558687388897, 0.016824468970298767]}