{"loss": [0.01866370625793934, 0.014975706115365028, 0.014022741466760635, 0.0136847123503685, 0.013344838283956051, 0.013051084242761135, 0.012774731032550335, 0.012433374300599098], "val_loss": [0.014970850199460983, 0.014949279837310314, 0.014963433146476746, 0.014388945885002613, 0.014522713609039783, 0.014547737315297127, 0.01445200014859438, 0.014534911140799522]}