{"loss": [0.005156646948307753, 0.0020545164588838816, 0.0018496511038392782, 0.0017763052601367235, 0.0017198717687278986, 0.0017169732600450516, 0.001660508569329977, 0.0016459753969684243, 0.0016298062400892377], "val_loss": [0.00193976575974375, 0.0019756469409912825, 0.0016636638902127743, 0.0015106835635378957, 0.0013454341096803546, 0.0014282289193943143, 0.0016153311589732766, 0.0014242063043639064, 0.001395223313011229]}