{"loss": [0.013232346624135971, 0.011007748544216156, 0.010583864524960518, 0.01033421978354454, 0.010168471373617649, 0.009992258623242378, 0.009861609898507595], "val_loss": [0.01251756027340889, 0.013293190859258175, 0.011507473886013031, 0.011768306605517864, 0.01205354556441307, 0.011953247711062431, 0.012309917248785496]}