{"loss": [0.0032542566768825054, 0.001966191455721855, 0.001762767438776791, 0.0017205200856551528, 0.0016835532151162624, 0.0016433264827355742], "val_loss": [0.0018085272749885917, 0.0014256699942052364, 0.0015045590698719025, 0.0016813522670418024, 0.001460464671254158, 0.001834886148571968]}