{"loss": [0.018329359591007233, 0.016727959737181664, 0.01637176424264908, 0.016085071489214897, 0.015925198793411255, 0.015876492485404015, 0.015809854492545128, 0.01576206460595131, 0.015626976266503334, 0.015524061396718025, 0.01535834837704897, 0.015259520150721073, 0.01513274572789669, 0.01497573871165514, 0.014802086167037487], "val_loss": [0.017343904823064804, 0.018090596422553062, 0.015394272282719612, 0.01533509325236082, 0.014961625449359417, 0.015009941533207893, 0.016091300174593925, 0.014883757568895817, 0.015467214398086071, 0.015364177525043488, 0.014480364508926868, 0.014889457263052464, 0.014644558541476727, 0.015007137320935726, 0.01584971509873867]}