{"loss": [0.01618828997015953, 0.013652313500642776, 0.012725945562124252, 0.011763929389417171, 0.010936911217868328, 0.009887393563985825], "val_loss": [0.014386888593435287, 0.014365177601575851, 0.015068315900862217, 0.01593962125480175, 0.017384035512804985, 0.018557945266366005]}