{"loss": [0.015221490524709225, 0.012910823337733746, 0.012476082891225815, 0.011801059357821941, 0.011254011653363705, 0.01065483596175909, 0.01001945324242115], "val_loss": [0.01277831569314003, 0.013975722715258598, 0.011898276396095753, 0.01236360240727663, 0.012554794549942017, 0.012925413437187672, 0.013138792477548122]}