{"loss": [0.014386522583663464, 0.01134996023029089, 0.010623689740896225, 0.00996154360473156, 0.009296935983002186, 0.008566310629248619], "val_loss": [0.012335564941167831, 0.011714061722159386, 0.012286029756069183, 0.013261612504720688, 0.012418124824762344, 0.012550132349133492]}