{"loss": [0.006177250295877457, 0.002150126965716481, 0.0018807670567184687, 0.001752946525812149, 0.0017411357257515192, 0.0016619411762803793, 0.0016419399762526155, 0.0016268212348222733, 0.0016344239702448249, 0.0015839089173823595, 0.0015910924412310123, 0.0015737678622826934, 0.001557758660055697, 0.0015492914244532585, 0.0015462447190657258], "val_loss": [0.002143191173672676, 0.001625336124561727, 0.0018097958527505398, 0.0014280781615525484, 0.0015613447176292539, 0.0015540994936600327, 0.0014665841590613127, 0.0013925547245889902, 0.0013220430118963122, 0.001490956754423678, 0.0013122643576934934, 0.0013177980436012149, 0.0013586533023044467, 0.0013373841065913439, 0.0014253829140216112]}