{"loss": [0.015146927908062935, 0.01181615050882101, 0.01106091495603323, 0.010781638324260712, 0.010484841652214527, 0.01029891800135374, 0.01010705903172493], "val_loss": [0.01483528595417738, 0.012625368312001228, 0.011896239593625069, 0.012024675495922565, 0.012940563261508942, 0.013259978033602238, 0.014728739857673645]}