{"loss": [0.014069453813135624, 0.011654832400381565, 0.011109715327620506, 0.010678314603865147, 0.010338305495679379, 0.010047062300145626, 0.009805593639612198, 0.009420951828360558, 0.009065107442438602, 0.008645769208669662, 0.008171291090548038], "val_loss": [0.0169016495347023, 0.01203234400600195, 0.013792905956506729, 0.01193967554718256, 0.013958738185465336, 0.012533744797110558, 0.011885982938110828, 0.01283922977745533, 0.014270133338868618, 0.012434658594429493, 0.013029363937675953]}