{"loss": [0.010977363213896751, 0.0030426413286477327, 0.0023659933358430862, 0.002320182276889682, 0.0023177433758974075, 0.002294733887538314, 0.002273199148476124, 0.002272374229505658, 0.0022626181598752737], "val_loss": [0.004581093788146973, 0.0028388036880642176, 0.002772935200482607, 0.0026672484818845987, 0.0026207196060568094, 0.0027176884468644857, 0.0026652286760509014, 0.002646729350090027, 0.0026814553420990705]}