{"loss": [0.0037511996924877167, 0.001946078846231103, 0.0017538057873025537, 0.00168427056632936, 0.0016763246385380626, 0.001605397555977106, 0.001604729681275785, 0.0015889175701886415, 0.0015640256460756063, 0.0015372304478660226], "val_loss": [0.0022216616198420525, 0.002051680814474821, 0.0020757210440933704, 0.0021818778477609158, 0.0020276785362511873, 0.00186608184594661, 0.002490656217560172, 0.001924525247886777, 0.0020611551590263844, 0.0019211650360375643]}