{"loss": [0.013873015530407429, 0.011313389986753464, 0.010845614597201347, 0.010403615422546864, 0.010175660252571106, 0.009709055535495281, 0.00947253592312336, 0.00911096390336752, 0.008784362114965916], "val_loss": [0.01220399234443903, 0.011217004619538784, 0.011804526671767235, 0.011200834065675735, 0.010891196317970753, 0.014218446798622608, 0.011736234650015831, 0.013632767833769321, 0.01195049099624157]}