{"loss": [0.015433507971465588, 0.013090192340314388, 0.012232809327542782, 0.011455829255282879, 0.010438870638608932, 0.009212873876094818], "val_loss": [0.016899483278393745, 0.014485825784504414, 0.015551247633993626, 0.015578211285173893, 0.015299881808459759, 0.018020860850811005]}