{"loss": [0.003337084548547864, 0.0019652624614536762, 0.0017618085257709026, 0.0017063793493434787, 0.0016690089832991362, 0.0016263234429061413, 0.0016045403899624944, 0.0015872971853241324], "val_loss": [0.002270776778459549, 0.001885587233118713, 0.0016564077232033014, 0.001367181888781488, 0.0016012761043384671, 0.0013908097753301263, 0.001495127915404737, 0.0019273023353889585]}