{"loss": [0.006006612908095121, 0.0020232107490301132, 0.001827253377996385, 0.0017430552979931235, 0.00173489423468709, 0.0016737856203690171, 0.0016634503845125437, 0.0016118069179356098, 0.001596461166627705], "val_loss": [0.002515538828447461, 0.0023215357214212418, 0.002344575012102723, 0.0022167270071804523, 0.0019089821726083755, 0.0020339086186140776, 0.0025266462471336126, 0.0021467029582709074, 0.002036478603258729]}