{"loss": [0.009636646136641502, 0.004446836654096842, 0.003840728895738721, 0.0036119986325502396, 0.0035642157308757305, 0.0034386746119707823, 0.0033803454134613276, 0.0033011240884661674, 0.0032676842529326677, 0.0032087136059999466], "val_loss": [0.005368214100599289, 0.004314988385885954, 0.0040413434617221355, 0.004411030560731888, 0.0040646884590387344, 0.0038172306958585978, 0.004024369176477194, 0.005259491037577391, 0.0038516740314662457, 0.003840233199298382]}