{"loss": [0.015775684267282486, 0.013294526375830173, 0.01282308716326952, 0.012558951042592525, 0.012287969700992107, 0.012090441770851612, 0.01182948611676693, 0.011608360335230827, 0.011282769031822681, 0.011035340838134289], "val_loss": [0.01299157552421093, 0.012922687456011772, 0.012833080254495144, 0.013745013624429703, 0.01391665916889906, 0.011767731979489326, 0.0157049298286438, 0.012242347933351994, 0.012856611981987953, 0.013403224758803844]}