{"loss": [0.015344474464654922, 0.013559107668697834, 0.012931719422340393, 0.012620184570550919, 0.012336771935224533], "val_loss": [0.013087541796267033, 0.01418768148869276, 0.013641797006130219, 0.014385804533958435, 0.01355828158557415]}