{"loss": [0.008327653631567955, 0.0028666420839726925, 0.0023722059559077024, 0.002274235710501671, 0.002224843017756939, 0.0021778352092951536, 0.0021473991218954325, 0.002089645015075803, 0.0020951766055077314, 0.0020916294306516647, 0.00207612756639719], "val_loss": [0.0036684470251202583, 0.0029258872382342815, 0.002557199914008379, 0.0027098588179796934, 0.0024943752214312553, 0.002409385284408927, 0.0023823517840355635, 0.0024294976610690355, 0.0024229781702160835, 0.0024877127725631, 0.002382693812251091]}