{"loss": [0.0045277513563632965, 0.0020872431341558695, 0.0019021484768018126, 0.0018333869520574808, 0.0017616675468161702, 0.001739064697176218, 0.001704828697256744, 0.001658300287090242, 0.0016234660288318992, 0.001633589155972004, 0.0016000441974028945, 0.0015875191893428564, 0.00156759365927428, 0.0015667312545701861, 0.0015569140668958426, 0.0015539872692897916, 0.0015596681041643023, 0.0015378877287730575], "val_loss": [0.0028339470736682415, 0.002252786187455058, 0.0022973320446908474, 0.002098258351907134, 0.0020808689296245575, 0.002066814573481679, 0.002041843719780445, 0.001937137101776898, 0.0022042549680918455, 0.0019446719670668244, 0.0018861074931919575, 0.0018477189587429166, 0.001922975410707295, 0.0018417041283100843, 0.001843433128669858, 0.0018578862072899938, 0.0018723942339420319, 0.0019916570745408535]}