{"loss": [0.014433571137487888, 0.012895909138023853, 0.012326370924711227, 0.011768155731260777, 0.011243071407079697], "val_loss": [0.012543776072561741, 0.012935183942317963, 0.012723847292363644, 0.012657723389565945, 0.013243136927485466]}