{"loss": [0.01367869134992361, 0.01146248821169138, 0.010883700102567673, 0.01058510784059763, 0.010309597477316856, 0.010141272097826004, 0.00983082503080368, 0.009583019651472569, 0.009362718090415001], "val_loss": [0.017929548397660255, 0.013283765874803066, 0.01210387796163559, 0.0114640723913908, 0.010848096571862698, 0.011397340334951878, 0.012019609101116657, 0.011429572477936745, 0.012913229875266552]}