{"loss": [0.01118337269872427, 0.002633855678141117, 0.0024272867012768984, 0.002379804849624634, 0.0023526709992438555, 0.002314889570698142, 0.002299303887411952, 0.002284515416249633, 0.0022863983176648617, 0.0022621131502091885, 0.0022475693840533495, 0.002264989772811532, 0.002240316476672888], "val_loss": [0.0035427692346274853, 0.0027169249951839447, 0.002648070687428117, 0.002888295566663146, 0.0026204523164778948, 0.002612336305901408, 0.0028898546006530523, 0.002604654524475336, 0.0025928684044629335, 0.002634161151945591, 0.002604668028652668, 0.0026038074865937233, 0.002609242219477892]}