{"loss": [0.0041019506752491, 0.0019483973737806082, 0.0018387234304100275, 0.0017566743772476912, 0.0016779425786808133, 0.0016643506241962314, 0.0016462792409583926, 0.0016311173094436526, 0.0015935637056827545, 0.0015767033910378814, 0.0015561373438686132], "val_loss": [0.0018498437711969018, 0.001537058618851006, 0.0015159272588789463, 0.0013703549047932029, 0.0014730520779266953, 0.0013600826496258378, 0.0012725968845188618, 0.0013320562429726124, 0.0014657183783128858, 0.0014896118082106113, 0.0013629369204863906]}