{"loss": [0.012786773964762688, 0.0109803956001997, 0.010401260107755661, 0.010036011226475239, 0.00977137591689825, 0.00936395488679409, 0.008895590901374817], "val_loss": [0.010657533071935177, 0.010122139006853104, 0.00979090016335249, 0.010187666863203049, 0.010021446272730827, 0.010246354155242443, 0.01039600744843483]}