{"loss": [0.015188885852694511, 0.013151572085916996, 0.0125691844150424, 0.011994469910860062, 0.01175235491245985, 0.011433864943683147, 0.011115445755422115], "val_loss": [0.013655683025717735, 0.015948042273521423, 0.013356335461139679, 0.01525915414094925, 0.01477085705846548, 0.014355574734508991, 0.014092815108597279]}