{"loss": [0.010499752126634121, 0.004855751525610685, 0.004467876628041267, 0.004415443167090416, 0.004305494017899036, 0.004268665332347155, 0.0041869827546179295, 0.004117082804441452, 0.004088275600224733, 0.004075605422258377, 0.00405806815251708, 0.0040125478990375996, 0.003979109693318605, 0.003951458726078272], "val_loss": [0.00594182638451457, 0.004662593360990286, 0.004825339652597904, 0.004876882303506136, 0.0054528615437448025, 0.004601865075528622, 0.0044870818965137005, 0.004431634210050106, 0.0045636361464858055, 0.004261272493749857, 0.004537014756351709, 0.004557430278509855, 0.004450640175491571, 0.004385668318718672]}