{"loss": [0.004937583580613136, 0.002124332357198, 0.0019138202769681811, 0.0018028684426099062, 0.001771940034814179, 0.0016993648605421185, 0.0016803434118628502, 0.00164225441403687, 0.0016392808174714446, 0.0015979943564161658, 0.0015919568249955773, 0.001555958529934287, 0.001573044341057539, 0.0015539400046691298, 0.0015381198609247804], "val_loss": [0.0027084345929324627, 0.0022185328416526318, 0.002360724611207843, 0.0021397217642515898, 0.001981782028451562, 0.0020712469704449177, 0.0021129753440618515, 0.0018957508727908134, 0.0018498239805921912, 0.0020209404174238443, 0.0018377130618318915, 0.0018678649794310331, 0.0018663174705579877, 0.0021345708519220352, 0.0019755905959755182]}