{"loss": [0.020477795973420143, 0.017822861671447754, 0.017632093280553818, 0.017496859654784203, 0.017395375296473503, 0.01717272400856018, 0.017144331708550453], "val_loss": [0.016880735754966736, 0.017226358875632286, 0.016802528873085976, 0.017168549820780754, 0.01680845394730568, 0.017119847238063812, 0.01799789071083069]}