{"loss": [0.01480918750166893, 0.013082713820040226, 0.01269033644348383, 0.01229749247431755, 0.011901916936039925, 0.011543598026037216, 0.011069280095398426, 0.010606332682073116, 0.010077043436467648], "val_loss": [0.012723375111818314, 0.013280844315886497, 0.012410309165716171, 0.013002298772335052, 0.01227783877402544, 0.012280458584427834, 0.013713782653212547, 0.013147859834134579, 0.01365901343524456]}