{"loss": [0.006277135107666254, 0.00250221393071115, 0.002354517113417387, 0.00231931172311306, 0.002291789511218667, 0.002269200747832656, 0.002260747831314802], "val_loss": [0.003267549676820636, 0.0027957928832620382, 0.0026604682207107544, 0.0026889697182923555, 0.002692933427169919, 0.0026731097605079412, 0.0027859481051564217]}