{"loss": [0.019883910194039345, 0.01523028127849102, 0.014385046437382698, 0.013828182592988014, 0.013453909195959568, 0.013076483272016048, 0.012748762965202332, 0.012320256792008877, 0.011917944997549057, 0.011608527041971684, 0.01127269584685564, 0.010886122472584248, 0.010573230683803558], "val_loss": [0.015052611008286476, 0.014318897388875484, 0.015361250378191471, 0.014545643702149391, 0.014092271216213703, 0.014862284064292908, 0.01551837008446455, 0.015400602482259274, 0.015699271112680435, 0.016444874927401543, 0.01611783355474472, 0.0175063144415617, 0.017494061961770058]}