{"loss": [0.014736931771039963, 0.011228542774915695, 0.010694088414311409, 0.010402778163552284, 0.010128400288522243, 0.009919984266161919, 0.00971596222370863], "val_loss": [0.011143759824335575, 0.011392536573112011, 0.010586624033749104, 0.011727068573236465, 0.011549541726708412, 0.010969458147883415, 0.010660623200237751]}