{"loss": [0.019760075956583023, 0.007116582244634628, 0.007105987053364515, 0.007092799060046673, 0.007082754280418158, 0.0070787835866212845, 0.007089286111295223, 0.007079278584569693, 0.0070734708569943905, 0.007079853676259518, 0.007074038498103619, 0.007077591028064489], "val_loss": [0.007968720979988575, 0.007964459247887135, 0.007921283133327961, 0.007951203733682632, 0.007914220914244652, 0.007962290197610855, 0.00807004701346159, 0.007906815968453884, 0.007911613211035728, 0.007950236089527607, 0.008082444779574871, 0.008141634054481983]}