{"loss": [0.004742865450680256, 0.0019376749405637383, 0.0017547666793689132, 0.0017105864826589823, 0.001679538981989026, 0.001636721077375114, 0.001633147126995027, 0.0016126262489706278, 0.0015851932112127542, 0.001577415270730853, 0.0015479461289942265, 0.0015284580877050757, 0.0015352405607700348], "val_loss": [0.0024519881699234247, 0.0022504969965666533, 0.002029732335358858, 0.003542930819094181, 0.0025732889771461487, 0.0021371019538491964, 0.0019280571723356843, 0.001935734529979527, 0.0018189729889854789, 0.0019182688556611538, 0.0019571527373045683, 0.00218697520904243, 0.001916788867674768]}