{"loss": [0.014829753898084164, 0.013430320657789707, 0.012853410094976425, 0.012475217692553997, 0.01213848777115345, 0.011883186176419258], "val_loss": [0.013576807454228401, 0.013270942494273186, 0.013331374153494835, 0.013710090890526772, 0.015030828304588795, 0.014782548882067204]}