{"loss": [0.01366715133190155, 0.011050131171941757, 0.010579727590084076, 0.010314881801605225, 0.010162414982914925, 0.009844382293522358, 0.009571670554578304, 0.009338077157735825, 0.008971788920462132, 0.0086646918207407, 0.008271759375929832], "val_loss": [0.010661214590072632, 0.010595288127660751, 0.010072106495499611, 0.010188820771872997, 0.011265384964644909, 0.010517013259232044, 0.010025082156062126, 0.010961910709738731, 0.01117248460650444, 0.010685078799724579, 0.011149326339364052]}