{"loss": [0.003636106150224805, 0.0019151070155203342, 0.0017447017598897219, 0.0017060557147487998, 0.0016592878382652998, 0.0016187684377655387, 0.0016161671373993158, 0.001570021384395659], "val_loss": [0.0023586656898260117, 0.0021152659319341183, 0.0024158789310604334, 0.0019165326375514269, 0.00203233421780169, 0.00208514416590333, 0.0019211318576708436, 0.001922495081089437]}