{"loss": [0.014392631128430367, 0.011691397987306118, 0.01103996578603983, 0.010609571821987629, 0.010362338274717331, 0.010143042542040348, 0.009895085357129574, 0.00953729823231697, 0.009249093011021614, 0.008886460214853287, 0.008551526814699173], "val_loss": [0.011633919551968575, 0.011426171287894249, 0.01179290097206831, 0.011188068427145481, 0.011614828370511532, 0.011707847006618977, 0.01084522157907486, 0.013171466998755932, 0.011894059367477894, 0.012454058043658733, 0.011734366416931152]}