{"loss": [0.005190039053559303, 0.002048937138170004, 0.0017859049839898944, 0.0017227544449269772, 0.0016758432611823082, 0.0016457714373245835, 0.0016258840914815664, 0.001603380893357098, 0.0015929334331303835, 0.0015630793059244752, 0.0015574241988360882, 0.0015316522913053632, 0.0015244728419929743, 0.0015107194194570184, 0.0015038494020700455, 0.0015053945826366544, 0.001483700703829527, 0.0014784635277464986, 0.001476932899095118, 0.0014668875373899937, 0.0014460188103839755, 0.001431449898518622, 0.0014298767782747746], "val_loss": [0.0025077713653445244, 0.0023246174678206444, 0.0020953903440386057, 0.0020674739498645067, 0.002160380594432354, 0.0020334720611572266, 0.0019451361149549484, 0.0022239512763917446, 0.0028589172288775444, 0.0019330463837832212, 0.0019082018407061696, 0.002037318656221032, 0.0018509289948269725, 0.0018601263873279095, 0.0018322734395042062, 0.0020606268662959337, 0.00185357965528965, 0.0018759062513709068, 0.0018020609859377146, 0.001903888420201838, 0.0019810479134321213, 0.0019801498856395483, 0.0018582683987915516]}