{"loss": [0.005082885734736919, 0.0019398601725697517, 0.0018261095974594355, 0.00173557351808995, 0.0017113015055656433, 0.001655270461924374, 0.0016312821535393596, 0.00164865015540272, 0.0015952929388731718, 0.0015718223294243217, 0.001572981127537787, 0.0015399771509692073, 0.0015148837119340897], "val_loss": [0.002200698247179389, 0.002155302558094263, 0.002162456978112459, 0.0019631003960967064, 0.0020883444231003523, 0.0019082537619397044, 0.0019513111328706145, 0.001846155384555459, 0.0018170317634940147, 0.0018833315698429942, 0.0020140986889600754, 0.0018550589447841048, 0.0018982524052262306]}