{"loss": [0.004985542502254248, 0.0020107075106352568, 0.0018723494140431285, 0.0017311442643404007, 0.0017136572860181332, 0.001648621866479516, 0.0016363263130187988, 0.0016065641539171338, 0.0015919007128104568, 0.0015519949374720454, 0.0015470610233023763, 0.0015523064648732543, 0.0015128677478060126, 0.0015017958357930183], "val_loss": [0.0026095896027982235, 0.002700985409319401, 0.00199871975928545, 0.002114492002874613, 0.002002905122935772, 0.00189545180182904, 0.0027307074051350355, 0.0018741084495559335, 0.0018574128625914454, 0.0018077651038765907, 0.0018677038606256247, 0.001826734864152968, 0.0018552651163190603, 0.0018167675007134676]}