{"loss": [0.01678147353231907, 0.01179525163024664, 0.011219939216971397, 0.010880142450332642, 0.010595504194498062, 0.010449052788317204, 0.010286749340593815, 0.01016482338309288, 0.010012924671173096], "val_loss": [0.012861517257988453, 0.012332051061093807, 0.013651607558131218, 0.011187463067471981, 0.011021713726222515, 0.011908057145774364, 0.01169069018214941, 0.011837021447718143, 0.011725535616278648]}