{"loss": [0.018882015720009804, 0.013961762189865112, 0.013700023293495178, 0.013568746857345104, 0.013426550664007664, 0.013243524357676506, 0.013096706010401249, 0.012998402118682861, 0.012858442962169647, 0.012753554619848728], "val_loss": [0.013961881399154663, 0.01344080176204443, 0.014475952833890915, 0.014695622026920319, 0.013233961537480354, 0.013110493309795856, 0.013449284248054028, 0.014834843575954437, 0.013298574835062027, 0.014151752926409245]}