{"loss": [0.0162246935069561, 0.013583730906248093, 0.013142583891749382, 0.012842576019465923, 0.012398963794112206, 0.012043274939060211], "val_loss": [0.014195946976542473, 0.013491999357938766, 0.01441159751266241, 0.014224275015294552, 0.014387617819011211, 0.014078044332563877]}