{"loss": [0.013833536766469479, 0.0109754279255867, 0.010554671287536621, 0.010103520005941391, 0.009644590318202972], "val_loss": [0.011135820299386978, 0.016131991520524025, 0.011577746830880642, 0.011366026476025581, 0.011469000950455666]}