{"loss": [0.014928174205124378, 0.013288671150803566, 0.01279191579669714, 0.012294363230466843, 0.011823443695902824, 0.011210918426513672], "val_loss": [0.014239736832678318, 0.013232341967523098, 0.015334204770624638, 0.01374747697263956, 0.014584125950932503, 0.015259726904332638]}