{"loss": [0.016246167942881584, 0.01351118739694357, 0.01312397699803114, 0.01269770972430706, 0.012459850870072842, 0.01215452328324318, 0.011825461871922016], "val_loss": [0.013347716070711613, 0.017592018470168114, 0.013147205114364624, 0.01546314638108015, 0.016551217064261436, 0.014245789498090744, 0.013836129568517208]}