{"loss": [0.0034597653429955244, 0.0019160161027684808, 0.0017725160578265786, 0.001709100091829896, 0.001667490229010582, 0.0016308851772919297, 0.001610725186765194, 0.0015920401783660054, 0.001548237632960081, 0.0015630990965291858, 0.001533075817860663, 0.0015109176747500896, 0.0015283575048670173, 0.0014786223182454705, 0.0014854103792458773, 0.0014605753822252154, 0.0014541582204401493, 0.0014484594576060772, 0.0014366497052833438, 0.0014341491041705012], "val_loss": [0.0021278876811265945, 0.002113293157890439, 0.0020263143815100193, 0.002042552921921015, 0.002124959835782647, 0.0022744738962501287, 0.0018610062543302774, 0.001828779000788927, 0.0018728640861809254, 0.002468555234372616, 0.0018274526810273528, 0.002191093284636736, 0.0018214397132396698, 0.002041128696873784, 0.001863666344434023, 0.0017926710424944758, 0.0018461128929629922, 0.001826607040129602, 0.0017992114881053567, 0.0019485803786665201]}