{"loss": [0.013002409599721432, 0.010935905389487743, 0.010420228354632854, 0.01012918259948492, 0.009845593944191933, 0.009586453437805176, 0.009368696250021458, 0.008955661207437515, 0.00857396237552166], "val_loss": [0.01082596741616726, 0.011301718652248383, 0.011299539357423782, 0.010720022022724152, 0.010074489749968052, 0.011123719625175, 0.010459725745022297, 0.010854585096240044, 0.010457992553710938]}