{"loss": [0.014708033762872219, 0.011113080196082592, 0.010679609142243862, 0.010352388955652714, 0.010158914141356945, 0.009997747838497162, 0.009702538140118122, 0.009583811275660992, 0.009332972578704357, 0.009080493822693825], "val_loss": [0.011013448238372803, 0.010787855833768845, 0.01137295551598072, 0.010018464177846909, 0.01007307693362236, 0.009801965206861496, 0.0113576864823699, 0.011255503632128239, 0.011057366617023945, 0.01106295920908451]}