{"loss": [0.015919499099254608, 0.0135484728962183, 0.013075236231088638, 0.012786961160600185, 0.012351918034255505, 0.012094257399439812, 0.011828391812741756, 0.01156728807836771, 0.011245413683354855], "val_loss": [0.014729543589055538, 0.013966375030577183, 0.013933489099144936, 0.01400624867528677, 0.0131887998431921, 0.016065262258052826, 0.01409432478249073, 0.01486931275576353, 0.014547164551913738]}