{"loss": [0.014340925961732864, 0.01131655927747488, 0.010766934603452682, 0.010412663221359253, 0.009997863322496414, 0.009558371268212795, 0.0090720746666193, 0.008595699444413185], "val_loss": [0.011744716204702854, 0.012477217242121696, 0.012071431614458561, 0.011216138489544392, 0.011757059022784233, 0.012127978727221489, 0.012027109041810036, 0.015199054032564163]}