{"loss": [0.015408467501401901, 0.002815389074385166, 0.0027154868002980947, 0.0027152022812515497, 0.0027163452468812466, 0.0027148292865604162, 0.002714026253670454, 0.0027229913976043463, 0.002715986454859376, 0.0027112294919788837], "val_loss": [0.003307557664811611, 0.0031655633356422186, 0.0031720162369310856, 0.003156841266900301, 0.0030997893773019314, 0.0030926691833883524, 0.0031502454075962305, 0.0031620797235518694, 0.0031084869988262653, 0.003139486536383629]}