{"loss": [0.014279454946517944, 0.011230172589421272, 0.01079453993588686, 0.01059526577591896, 0.010383783839643002, 0.010171216912567616, 0.009988751262426376, 0.0097764628008008], "val_loss": [0.011988312937319279, 0.011020735837519169, 0.011383106000721455, 0.0109603526070714, 0.011008074507117271, 0.011016584001481533, 0.01177296508103609, 0.011517070233821869]}