{"loss": [0.016398504376411438, 0.011288762092590332, 0.010758818127214909, 0.010295718908309937, 0.010116184130311012, 0.009803730063140392, 0.00968002900481224, 0.00939074344933033], "val_loss": [0.012030567973852158, 0.011403986252844334, 0.011146090924739838, 0.0104366485029459, 0.011010987684130669, 0.012016003020107746, 0.010571909137070179, 0.010835680179297924]}