{"loss": [0.004551819059997797, 0.0019190984312444925, 0.0017796612810343504, 0.0017205128679051995, 0.0016574867768213153, 0.0016576913185417652, 0.0016133359167724848, 0.0016138791106641293, 0.0015776004875078797, 0.001601825118996203, 0.0015461466973647475, 0.0015390872722491622, 0.0015185415977612138, 0.0015035595279186964, 0.0015057108830660582], "val_loss": [0.0023390662390738726, 0.0026596863754093647, 0.0024241595529019833, 0.001964694820344448, 0.001950646168552339, 0.0020044194534420967, 0.0019722513388842344, 0.0018469806527718902, 0.0019294993253424764, 0.0020745808724313974, 0.0018383173737674952, 0.0018582758493721485, 0.001854201778769493, 0.001885837409645319, 0.0019741663709282875]}