{"loss": [0.015187220647931099, 0.013058986514806747, 0.012314589694142342, 0.011583059094846249, 0.01063585840165615, 0.009731260128319263], "val_loss": [0.013879744336009026, 0.013194573111832142, 0.013518585823476315, 0.016302047297358513, 0.015308012254536152, 0.017084680497646332]}