{"loss": [0.017070163041353226, 0.014309102669358253, 0.013834541663527489, 0.013343547470867634, 0.012999548576772213, 0.012718687765300274, 0.012248367071151733], "val_loss": [0.01353150699287653, 0.013454783707857132, 0.014804206788539886, 0.01514563150703907, 0.014369439333677292, 0.016044482588768005, 0.01447294745594263]}