{"loss": [0.009900140576064587, 0.0028942986391484737, 0.0023068953305482864, 0.0022088661789894104, 0.002183855278417468, 0.0021701327059417963, 0.0021424770820885897, 0.0021271249279379845, 0.002101861871778965, 0.002091761212795973, 0.0020871132146567106, 0.0020677363499999046, 0.002055628225207329, 0.002059423830360174, 0.002045384841039777, 0.002031604526564479, 0.0020311903208494186, 0.0020179548300802708, 0.0020218200515955687, 0.0020166656468063593, 0.0020226871129125357, 0.00200527161359787, 0.002017223509028554, 0.0020101675763726234, 0.0019971549045294523, 0.0019956836476922035, 0.0020017048809677362, 0.001999390311539173, 0.001998037565499544], "val_loss": [0.004003322683274746, 0.0027759489603340626, 0.0026563156861811876, 0.0025591515004634857, 0.0025864322669804096, 0.002501102862879634, 0.002497149398550391, 0.002470999723300338, 0.002439673524349928, 0.002410763641819358, 0.00237905397079885, 0.0023866835981607437, 0.0023695253767073154, 0.0023624729365110397, 0.002424352103844285, 0.002401509555056691, 0.0023565867450088263, 0.0024499003775417805, 0.002422825898975134, 0.0023633353412151337, 0.0023271748796105385, 0.002333888551220298, 0.0023100594989955425, 0.0025862427428364754, 0.00230453722178936, 0.0023536551743745804, 0.0023191231302917004, 0.0023630016949027777, 0.002453083638101816]}