{"loss": [0.011105571873486042, 0.002570941811427474, 0.00238913600333035, 0.0023792588617652655, 0.0023580736014992, 0.00227891793474555, 0.002290541771799326], "val_loss": [0.003934749402105808, 0.0036161954049021006, 0.00264156237244606, 0.002671589609235525, 0.0027728071436285973, 0.0033552309032529593, 0.0026464834809303284]}