{"loss": [0.014974196441471577, 0.012907395139336586, 0.01246262900531292, 0.011811191216111183, 0.011450168676674366, 0.010840408504009247], "val_loss": [0.012837706133723259, 0.01246834360063076, 0.012515852227807045, 0.013828550465404987, 0.012897859327495098, 0.01321210153400898]}