{"loss": [0.01380820944905281, 0.011221926659345627, 0.010715330950915813, 0.010501580312848091, 0.010269024409353733, 0.010156395845115185, 0.00989918690174818, 0.009805268608033657], "val_loss": [0.011021307669579983, 0.011474255472421646, 0.010437270626425743, 0.010078318417072296, 0.01032396499067545, 0.010699983686208725, 0.010129140689969063, 0.01045331172645092]}