{"loss": [0.014411496929824352, 0.011699006892740726, 0.010855485685169697, 0.01017883513122797, 0.00940821785479784, 0.008660058490931988], "val_loss": [0.012851028703153133, 0.01158923376351595, 0.013422592543065548, 0.012062707915902138, 0.012355243787169456, 0.012566537596285343]}