{"loss": [0.009583261795341969, 0.002684538485482335, 0.0021757776848971844, 0.0019938021432608366, 0.0018696795450523496, 0.0018260597717016935, 0.0017965373117476702, 0.0017530563054606318, 0.0017467159777879715, 0.0017072397749871016, 0.001689354656264186, 0.0016920423367992043, 0.001672358368523419, 0.0016724476590752602, 0.00165487639605999, 0.0016331796068698168, 0.001627974328584969, 0.0016272623324766755, 0.001619943417608738, 0.0016024844953790307, 0.0015866587636992335, 0.0015845582820475101, 0.001587201957590878, 0.0015859984559938312, 0.0015732632018625736, 0.0015580496983602643, 0.0015610076952725649, 0.0015600478509441018, 0.0015515238046646118, 0.0015512319514527917], "val_loss": [0.0037608498241752386, 0.002792969113215804, 0.002454340225085616, 0.002274137455970049, 0.002136138267815113, 0.002079145750030875, 0.0020733207929879427, 0.002165320562198758, 0.0019958443008363247, 0.0019948931876569986, 0.0020073933992534876, 0.0022129842545837164, 0.0019465930527076125, 0.001982145942747593, 0.0025387101341038942, 0.0020312215201556683, 0.0019235159270465374, 0.0019292806973680854, 0.001925454125739634, 0.0019083188381046057, 0.002169596729800105, 0.0019983581732958555, 0.002416003728285432, 0.0018952201353386045, 0.0019139032810926437, 0.0019557627383619547, 0.001859914162196219, 0.0019273684592917562, 0.0018618012545630336, 0.00189999770373106]}