{"loss": [0.013985617086291313, 0.011495355516672134, 0.010834441520273685, 0.01040203869342804, 0.009845552034676075, 0.009286999702453613, 0.008639752864837646, 0.008002139627933502], "val_loss": [0.013606376014649868, 0.011973382905125618, 0.011593421921133995, 0.011046971194446087, 0.011075584217905998, 0.014448626898229122, 0.012174827978014946, 0.012658979743719101]}