{"loss": [0.013890204951167107, 0.0025099599733948708, 0.002051083603873849, 0.001912581385113299, 0.001834689057432115, 0.0017849201103672385, 0.0017268365481868386, 0.0017048809677362442, 0.001672587706707418, 0.0016502027865499258, 0.001617611269466579, 0.001593403285369277, 0.0015810276381671429, 0.0015651066787540913, 0.0015581384068354964, 0.0015564195346087217, 0.001536827185191214, 0.0015279194340109825, 0.0015109574887901545, 0.001499975798651576, 0.001511279959231615, 0.0014953520148992538, 0.0014950688928365707], "val_loss": [0.0030664540827274323, 0.0020568796899169683, 0.0015990278916433454, 0.001617203000932932, 0.002290045376867056, 0.0014202320016920567, 0.001748305861838162, 0.0013944325037300587, 0.0016442141495645046, 0.0014875833876430988, 0.0013568743597716093, 0.0013379855081439018, 0.0017305384390056133, 0.0013791590463370085, 0.0015226182295009494, 0.001335327746346593, 0.0015053985407575965, 0.001323859440162778, 0.0013021512422710657, 0.0013415658613666892, 0.0013163259718567133, 0.0015572524862363935, 0.0013035397278144956]}