{"loss": [0.019393842667341232, 0.015037178993225098, 0.014289888553321362, 0.01378229446709156, 0.013388304971158504, 0.013180364854633808, 0.012828132137656212, 0.012516404502093792, 0.012294459156692028, 0.012064444832503796, 0.011756502091884613, 0.011543303728103638, 0.011326071806252003, 0.011077105067670345, 0.01081936527043581, 0.0105536924675107, 0.010423562489449978], "val_loss": [0.014914476312696934, 0.01680200919508934, 0.016591476276516914, 0.015250487253069878, 0.014886081218719482, 0.015398731455206871, 0.014319099485874176, 0.016823798418045044, 0.016169389709830284, 0.016408322378993034, 0.016946088522672653, 0.016098489984869957, 0.01685691438615322, 0.01646331511437893, 0.015704194083809853, 0.01668860763311386, 0.018562255427241325]}