{"loss": [0.004201151896268129, 0.0020212007220834494, 0.0018565724603831768, 0.0017661565216258168, 0.0016874707071110606, 0.0016664721770212054, 0.0016107209958136082, 0.0016174912452697754, 0.001575869508087635, 0.00158688856754452, 0.001574480440467596, 0.0015675757313147187, 0.001549591775983572, 0.0015290991868823767, 0.0015243961242958903, 0.001538009149953723, 0.0015066512860357761, 0.001496225013397634, 0.0014971670461818576, 0.0015011281939223409, 0.0014787509571760893, 0.0014776261523365974, 0.0014622188173234463], "val_loss": [0.0026775337755680084, 0.002128083724528551, 0.002043654676526785, 0.002086691791191697, 0.0020446465350687504, 0.0019608160946518183, 0.003176906146109104, 0.0019309340277686715, 0.001890897168777883, 0.0018426860915496945, 0.00231522461399436, 0.0022461446933448315, 0.0018176970770582557, 0.001846016151830554, 0.0018052386585623026, 0.0019285898888483644, 0.0018274798057973385, 0.001857167575508356, 0.0017874955665320158, 0.0019238803070038557, 0.0018364073475822806, 0.0018106588395312428, 0.0019669209141284227]}