{"loss": [0.015879379585385323, 0.013416037894785404, 0.013025077991187572, 0.012752938084304333, 0.012486516498029232, 0.01225458923727274, 0.012034960091114044, 0.011767568066716194, 0.011478645727038383], "val_loss": [0.014314745552837849, 0.015160494484007359, 0.01348121464252472, 0.013876606710255146, 0.013226279988884926, 0.013627536594867706, 0.014268380589783192, 0.014944681897759438, 0.015582499094307423]}