{"loss": [0.011838219128549099, 0.004887659102678299, 0.003588556544855237, 0.0030979823786765337, 0.002810063073411584, 0.002617611549794674, 0.0025216941721737385, 0.002446143887937069, 0.002385183470323682, 0.002339552855119109, 0.0023113482166081667, 0.0022824998013675213, 0.0022686521988362074, 0.002261222107335925, 0.002167278667911887, 0.0021505386102944613, 0.0021768987644463778, 0.0021323675755411386, 0.0021365671418607235, 0.0021270252764225006, 0.0021151122637093067, 0.002078948076814413], "val_loss": [0.004907383117824793, 0.0031000226736068726, 0.0028167003765702248, 0.002730598207563162, 0.002432798035442829, 0.002435319358482957, 0.002004602923989296, 0.0021361708641052246, 0.0022182695101946592, 0.0020009400323033333, 0.0023115784861147404, 0.001990112941712141, 0.0019729044288396835, 0.0019489459227770567, 0.001967717194929719, 0.0020242673344910145, 0.0019258605316281319, 0.001843318808823824, 0.0021054677199572325, 0.002346385270357132, 0.0019335445249453187, 0.0021224315278232098]}