{"loss": [0.014323810115456581, 0.011201207526028156, 0.01054883562028408, 0.010136201977729797, 0.009782610461115837, 0.009411808103322983, 0.008782360702753067, 0.00827754195779562], "val_loss": [0.011394329369068146, 0.011945616453886032, 0.012258638627827168, 0.010974266566336155, 0.01397647149860859, 0.01202518679201603, 0.012775384820997715, 0.012649021111428738]}