{"loss": [0.018258634954690933, 0.015034944750368595, 0.014310426078736782, 0.01392123382538557, 0.013560686260461807, 0.013477337546646595, 0.013273395597934723, 0.013120440766215324, 0.012970554642379284, 0.012902633287012577, 0.012732147239148617, 0.012582462280988693], "val_loss": [0.014887918718159199, 0.015340231359004974, 0.01449617650359869, 0.013471095822751522, 0.01387022715061903, 0.01377060730010271, 0.01338418759405613, 0.01366185862571001, 0.014229263179004192, 0.013427120633423328, 0.014173251576721668, 0.013463222421705723]}