{"loss": [0.003715764731168747, 0.0019300163257867098, 0.0017774217994883657, 0.0017248071962967515, 0.0016779330326244235, 0.0016548717394471169, 0.001630556071177125, 0.0015977553557604551, 0.0015789715107530355, 0.0015570232644677162, 0.0015381668927147985, 0.0015402550343424082, 0.00152002670802176, 0.0015036212280392647, 0.0014967175666242838], "val_loss": [0.0017958423122763634, 0.0016241943230852485, 0.0015021192375570536, 0.002047125482931733, 0.0014281601179391146, 0.0015757171204313636, 0.0013804292539134622, 0.0014129842165857553, 0.001331204199232161, 0.0016237132949754596, 0.0013019007164984941, 0.0013522348599508405, 0.001358852139674127, 0.001305880956351757, 0.0013282286236062646]}