{"loss": [0.01575060561299324, 0.013296637684106827, 0.01274766307324171, 0.012148392386734486, 0.01151622086763382, 0.010759355500340462, 0.009795358404517174], "val_loss": [0.014231808483600616, 0.014360657893121243, 0.01374911330640316, 0.016401775181293488, 0.015831343829631805, 0.01621130295097828, 0.016000576317310333]}