{"loss": [0.005987804848700762, 0.002011763397604227, 0.0018061769660562277, 0.0017333260038867593, 0.0016971849836409092, 0.001656505512073636, 0.0016454460565000772, 0.00161605270113796], "val_loss": [0.0032193048391491175, 0.0020322343334555626, 0.001905378419905901, 0.0019033643184229732, 0.001985077979043126, 0.0020226689521223307, 0.0020497897639870644, 0.0019622058607637882]}