{"loss": [0.0224302988499403, 0.017964061349630356, 0.017483161762356758, 0.01733134128153324, 0.01720954105257988, 0.017129728570580482], "val_loss": [0.018790071830153465, 0.016933096572756767, 0.017228905111551285, 0.01703534834086895, 0.017900710925459862, 0.016988731920719147]}