{"loss": [0.00481889583170414, 0.002062009647488594, 0.0018700161017477512, 0.0017679579323157668, 0.0017497041262686253, 0.0016625940334051847, 0.0016614889027550817, 0.0016404587076976895, 0.0016117860795930028], "val_loss": [0.002018020721152425, 0.0016111992299556732, 0.0014926122967153788, 0.001587615697644651, 0.001383004942908883, 0.0015465558972209692, 0.0014385051326826215, 0.00162838667165488, 0.0014780312776565552]}