{"loss": [0.01726081594824791, 0.01454358920454979, 0.013926513493061066, 0.013580964878201485, 0.01327162142843008, 0.013087407685816288], "val_loss": [0.014227811247110367, 0.013245215639472008, 0.013491521589457989, 0.014416545629501343, 0.013579979538917542, 0.014376516453921795]}