{"loss": [0.013453102670609951, 0.01120846625417471, 0.010820130817592144, 0.010384786874055862, 0.010109592229127884, 0.009666127152740955, 0.009351599030196667, 0.008959608152508736], "val_loss": [0.011823437176644802, 0.011053821071982384, 0.014320159330964088, 0.011013632640242577, 0.011019344441592693, 0.011417473666369915, 0.0122374277561903, 0.012669730000197887]}