{"loss": [0.006472814828157425, 0.0020680944435298443, 0.0018379271496087313, 0.0017625981708988547, 0.0016837153816595674, 0.0016426137881353498, 0.0016168595757335424, 0.0016235205112025142, 0.001618454814888537, 0.001574677531607449, 0.0015760833630338311, 0.001565230661071837, 0.0015431134961545467], "val_loss": [0.0024827911984175444, 0.0021107515785843134, 0.0020910652820020914, 0.0021441609133034945, 0.0021128382068127394, 0.0019205869175493717, 0.0019677060190588236, 0.0019287288887426257, 0.0018605698132887483, 0.002416211413219571, 0.0020135175436735153, 0.0018855296075344086, 0.001989831915125251]}