{"loss": [0.006073486991226673, 0.0024027349427342415, 0.0022478890605270863, 0.002154554706066847, 0.0021417909301817417, 0.0021300551015883684, 0.002104911720380187, 0.0021111301612108946, 0.0020883744582533836, 0.002076593227684498], "val_loss": [0.0030870609916746616, 0.0024613041896373034, 0.002573712496086955, 0.00249459664337337, 0.002718588337302208, 0.002393712755292654, 0.0024076905101537704, 0.0024501236621290445, 0.0024092760868370533, 0.0025243789423257113]}