{"loss": [0.016470469534397125, 0.013859521597623825, 0.013246679678559303, 0.012912298552691936, 0.012627934105694294], "val_loss": [0.01363063883036375, 0.014116783626377583, 0.013789006508886814, 0.014262174256145954, 0.013996945694088936]}