{"loss": [0.014799382537603378, 0.012983459047973156, 0.01226130872964859, 0.011646443977952003, 0.010964729823172092, 0.010245057754218578], "val_loss": [0.013992729596793652, 0.013467906974256039, 0.016087733209133148, 0.015189331956207752, 0.01520453579723835, 0.017197629436850548]}