{"loss": [0.015377774834632874, 0.012086923234164715, 0.01150719914585352, 0.011200548149645329, 0.010757984593510628, 0.010558419860899448, 0.010278998874127865, 0.010031470097601414, 0.009782479144632816, 0.009599695913493633, 0.009372196160256863, 0.009136063046753407], "val_loss": [0.013428940437734127, 0.011711926199495792, 0.012059411965310574, 0.012194124981760979, 0.011707392521202564, 0.012234266847372055, 0.011378347873687744, 0.011165881529450417, 0.011279954575002193, 0.011314190924167633, 0.011692826636135578, 0.011786945164203644]}