{"loss": [0.014893920160830021, 0.012835294008255005, 0.012133524753153324, 0.011111905798316002, 0.009902802295982838], "val_loss": [0.013378958217799664, 0.014369243755936623, 0.013799041509628296, 0.015983933582901955, 0.016856038942933083]}