{"loss": [0.013866807334125042, 0.011075837537646294, 0.010444272309541702, 0.00994706992059946, 0.009480035863816738, 0.008933434262871742, 0.008246508426964283], "val_loss": [0.011202768422663212, 0.011188308708369732, 0.01095198281109333, 0.011296006850898266, 0.011441740207374096, 0.012009629048407078, 0.012752107344567776]}