{"loss": [0.0077962917275726795, 0.00243605999276042, 0.002095578471198678, 0.0019386009080335498, 0.0018801450496539474, 0.0018191608833149076, 0.001777324709109962, 0.001765718450769782, 0.0017304472858086228, 0.0017088239546865225, 0.001705912291072309, 0.001688427641056478, 0.0016679788241162896, 0.001651553437113762, 0.001657618093304336, 0.0016502977814525366, 0.0016449312679469585, 0.0016327176708728075, 0.0016237552044913173, 0.0016224855789914727, 0.0016223492566496134, 0.0016022550407797098, 0.0016006649238988757, 0.0016164431581273675, 0.0015977190341800451], "val_loss": [0.004037848208099604, 0.0030067628249526024, 0.0023358298931270838, 0.0022094517480582, 0.0021848860196769238, 0.0021014041267335415, 0.002818571636453271, 0.002026638248935342, 0.002133646048605442, 0.0021124721970409155, 0.0019901678897440434, 0.002070151036605239, 0.0019764818716794252, 0.0020241066813468933, 0.0020011900924146175, 0.001959135290235281, 0.0019266913877800107, 0.0020383833907544613, 0.0019382917089387774, 0.0021086486522108316, 0.0018974270205944777, 0.002023292938247323, 0.001900594448670745, 0.0019247614545747638, 0.0019007095834240317]}