{"loss": [0.005114721599966288, 0.002063108142465353, 0.001830583089031279, 0.00172464270144701, 0.0017040892271324992, 0.0016557512572035193, 0.0016465941444039345, 0.0016088357660919428, 0.001607658457942307, 0.0015530148521065712, 0.0015539949527010322], "val_loss": [0.003616972593590617, 0.0021685068495571613, 0.0032720563467592, 0.0019757812842726707, 0.002089730929583311, 0.002125636674463749, 0.0018494798569008708, 0.0023117915261536837, 0.00186885055154562, 0.002009239047765732, 0.002075378317385912]}