{"loss": [0.015388604253530502, 0.011818776838481426, 0.011232569813728333, 0.010644778609275818, 0.01006434764713049, 0.009320882149040699], "val_loss": [0.012007164768874645, 0.011814306490123272, 0.013787354342639446, 0.013000711798667908, 0.015642646700143814, 0.0126265250146389]}