{"loss": [0.0035870401188731194, 0.0019335572142153978, 0.0017804782837629318, 0.001693799626082182, 0.0016840321477502584, 0.0016492364229634404, 0.0016073924489319324, 0.0015867013717070222, 0.0015721292002126575, 0.0015559435123577714, 0.0015416928799822927, 0.0015283862594515085, 0.0015266662230715156, 0.0014877102803438902, 0.0014994501834735274], "val_loss": [0.0022903811186552048, 0.0019090411951765418, 0.0014653815887868404, 0.001484671258367598, 0.0014436240307986736, 0.001825148705393076, 0.0014416058547794819, 0.001581384800374508, 0.001345010008662939, 0.001551350113004446, 0.001326791592873633, 0.0013286881148815155, 0.0014576658140867949, 0.0015033972449600697, 0.0014155630487948656]}