{"loss": [0.013687624596059322, 0.011517388746142387, 0.01095638982951641, 0.010213932953774929, 0.009511662647128105, 0.008816534653306007, 0.008001693524420261, 0.007105493918061256], "val_loss": [0.013191021978855133, 0.013031840324401855, 0.012094574980437756, 0.011991067789494991, 0.012660149484872818, 0.013153031468391418, 0.014228357002139091, 0.01468008104711771]}