{"loss": [0.015355223789811134, 0.013082096353173256, 0.012428922578692436, 0.011648203246295452, 0.010678441263735294, 0.009505967609584332, 0.008269433863461018], "val_loss": [0.01443254854530096, 0.016578666865825653, 0.014094438403844833, 0.015282250940799713, 0.016023533418774605, 0.01633339188992977, 0.017102202400565147]}