{"loss": [0.005685874726623297, 0.0021440659184008837, 0.001910539111122489, 0.0017414373578503728, 0.00167638692073524, 0.001670663128606975, 0.0016637587687000632, 0.0016387238865718246, 0.001594895264133811, 0.0015872427029535174, 0.0015779649838805199, 0.001569625223055482, 0.001535929273813963, 0.0015229153214022517, 0.0015161612536758184, 0.001501306309364736, 0.0015034707030281425, 0.0014839163050055504, 0.0014774645678699017, 0.001477138139307499, 0.0014709403039887547, 0.001441071624867618, 0.001433666213415563], "val_loss": [0.002935370896011591, 0.0022022260818630457, 0.002101501915603876, 0.00210623093880713, 0.0021511309314519167, 0.002215712796896696, 0.0019483397481963038, 0.0019089533016085625, 0.0019216432701796293, 0.0019461052725091577, 0.001857773750089109, 0.0018798969686031342, 0.0018523061880841851, 0.0020102770067751408, 0.0018517534481361508, 0.0018226768588647246, 0.0018970376113429666, 0.0019292590441182256, 0.0018124370835721493, 0.001969017554074526, 0.0020213881507515907, 0.002227521501481533, 0.0019370452500879765]}