{"loss": [0.021410169079899788, 0.01758033223450184, 0.01695464365184307, 0.016792181879281998, 0.016741741448640823, 0.016693543642759323, 0.01654987968504429], "val_loss": [0.019207391887903214, 0.017140984535217285, 0.016054557636380196, 0.016403870657086372, 0.01708797737956047, 0.017386965453624725, 0.016085799783468246]}