{"loss": [0.00796419009566307, 0.0024123270995914936, 0.002214042004197836, 0.002154128858819604, 0.002169749466702342, 0.0021799395326524973], "val_loss": [0.0028464067727327347, 0.0024321877863258123, 0.0025781465228646994, 0.002588970120996237, 0.0028008995577692986, 0.002607197966426611]}