{"loss": [0.018273256719112396, 0.014838295057415962, 0.013658003881573677, 0.012405790388584137, 0.010987037792801857, 0.0094518531113863], "val_loss": [0.016011565923690796, 0.015630722045898438, 0.01576896198093891, 0.01704373024404049, 0.018916767090559006, 0.018687263131141663]}