{"loss": [0.006983564700931311, 0.002543275011703372, 0.002371511422097683, 0.002325494075194001, 0.0023139698896557093, 0.0022855212446302176, 0.002271581906825304, 0.0022623613476753235, 0.002250820863991976, 0.0022555540781468153, 0.0022344852332025766, 0.0022388161160051823], "val_loss": [0.0034492132253944874, 0.0029648025520145893, 0.00274967635050416, 0.0026889462023973465, 0.0026719782035797834, 0.0029337932355701923, 0.002663455670699477, 0.002635435201227665, 0.002648882335051894, 0.002642733510583639, 0.0027048266492784023, 0.0027431128546595573]}