{"loss": [0.007549802307039499, 0.003975267056375742, 0.0037247114814817905, 0.0034799445420503616, 0.0034168632701039314, 0.0034050096292048693, 0.003272800473496318, 0.0032237390987575054, 0.0031654969789087772, 0.0031386688351631165, 0.0030680992640554905, 0.002998568583279848, 0.0029077851213514805], "val_loss": [0.004390372894704342, 0.0039373403415083885, 0.004131660796701908, 0.0043436503037810326, 0.0039195651188492775, 0.004257488064467907, 0.004387792199850082, 0.0037912216503173113, 0.0036493183579295874, 0.0037214457988739014, 0.0043095615692436695, 0.0038284247275441885, 0.004089261405169964]}