{"loss": [0.009420502930879593, 0.002575634978711605, 0.0023980040568858385, 0.00236399844288826, 0.0023482791148126125, 0.002310218056663871], "val_loss": [0.0032393131405115128, 0.0026507964357733727, 0.0027401146944612265, 0.002677307929843664, 0.0026576081290841103, 0.0027348180301487446]}