{"loss": [0.014638214372098446, 0.01316616777330637, 0.012774881906807423, 0.012395171448588371, 0.011974620632827282], "val_loss": [0.012994335032999516, 0.015172048471868038, 0.013533416204154491, 0.013433476909995079, 0.013131784275174141]}