{"loss": [0.019734632223844528, 0.011730976402759552, 0.010124550200998783, 0.008928969502449036, 0.00830632634460926, 0.008063961751759052, 0.008059895597398281, 0.007900318130850792, 0.007833536714315414, 0.007747486233711243, 0.00759348226711154, 0.007543645333498716, 0.00744461826980114, 0.007314896211028099, 0.007319679018110037, 0.007209945935755968, 0.00715133361518383, 0.007144134026020765, 0.007110872771590948, 0.007113402243703604, 0.007103192154318094, 0.007039415650069714, 0.007019071374088526, 0.006971332710236311], "val_loss": [0.01335899531841278, 0.01076606847345829, 0.010189425200223923, 0.008338157087564468, 0.008297784253954887, 0.008562488481402397, 0.008162647485733032, 0.00812168512493372, 0.008253424428403378, 0.008116674609482288, 0.007850566878914833, 0.007965831086039543, 0.008225885219871998, 0.007688244339078665, 0.00761888362467289, 0.007642814423888922, 0.007405878510326147, 0.007608725223690271, 0.0075555406510829926, 0.007332183420658112, 0.007781142368912697, 0.007639408577233553, 0.007718690671026707, 0.007761277258396149]}