{"loss": [0.01594056747853756, 0.01304023340344429, 0.01223017554730177, 0.011393514461815357, 0.010392507538199425, 0.009202558547258377], "val_loss": [0.01833944581449032, 0.015234184451401234, 0.015897251665592194, 0.015560041181743145, 0.0158676840364933, 0.019353613257408142]}