{"loss": [0.011495851911604404, 0.002729424275457859, 0.0027149871457368135, 0.0027186223305761814, 0.002709566615521908, 0.002726159757003188, 0.0027186020743101835, 0.002718578325584531, 0.002723837271332741, 0.0027194356080144644], "val_loss": [0.003137966152280569, 0.0031177611090242863, 0.003124523675069213, 0.003115121740847826, 0.003180350176990032, 0.003087182529270649, 0.0031047314405441284, 0.0031371992081403732, 0.003121183253824711, 0.003124691778793931]}