{"loss": [0.01578052155673504, 0.012941068038344383, 0.0121894720941782, 0.011488361284136772, 0.010600630193948746], "val_loss": [0.01350410282611847, 0.015693873167037964, 0.016737909987568855, 0.01542571373283863, 0.018133413046598434]}