{"loss": [0.005634168162941933, 0.00213401741348207, 0.00190073368139565, 0.0018188649555668235, 0.0017839643405750394, 0.0017417261842638254, 0.0016977536724880338, 0.001682783360593021, 0.0016461992636322975], "val_loss": [0.0026780548505485058, 0.0023907162249088287, 0.002115655457600951, 0.0024709205608814955, 0.002032678108662367, 0.0025863396003842354, 0.0020355393644422293, 0.0025124535895884037, 0.002196987858042121]}