{"loss": [0.006614812649786472, 0.0020594808738678694, 0.0018806725274771452, 0.001711413380689919, 0.001710436656139791, 0.00165338977240026, 0.0016491584246978164, 0.0016334247775375843, 0.001605599420145154, 0.001605225377716124, 0.001562102697789669, 0.00154480105265975, 0.001528461230918765, 0.001529755536466837, 0.001486718188971281, 0.001512798946350813, 0.0014727750094607472, 0.0014740383485332131, 0.0014543927973136306, 0.0014411435695365071, 0.0014441508101299405, 0.001414911705069244], "val_loss": [0.002423131139948964, 0.0023687132634222507, 0.0020389819983392954, 0.0024201986379921436, 0.0019994014874100685, 0.0020345584489405155, 0.002298467792570591, 0.0019331921357661486, 0.0018677976913750172, 0.002094933530315757, 0.002037478145211935, 0.0018594824941828847, 0.0019861829932779074, 0.0023347605019807816, 0.0018568102968856692, 0.0018577653681859374, 0.001898286398500204, 0.0018314073095098138, 0.0019140352960675955, 0.0019439766183495522, 0.0019322281004860997, 0.0018561233300715685]}