{"loss": [0.005380879621952772, 0.0020298745948821306, 0.001796316122636199, 0.0017229594523087144, 0.0016782337334007025, 0.001634212676435709, 0.001624070224352181, 0.001617079833522439, 0.0015831971541047096, 0.001574895577505231, 0.0015726861311122775, 0.0015565045177936554, 0.0015473635867238045, 0.0015141621697694063, 0.0015108132502064109], "val_loss": [0.002879190491512418, 0.0024997787550091743, 0.002236932050436735, 0.0019648303277790546, 0.0024572324473410845, 0.0018903856398537755, 0.0018786803120747209, 0.002176502253860235, 0.0018877702532336116, 0.001836272538639605, 0.0018272466259077191, 0.002010646741837263, 0.001925492542795837, 0.002325606532394886, 0.002051592105999589]}