{"loss": [0.005515012424439192, 0.0021404169965535402, 0.0018694874597713351, 0.0017550396732985973, 0.0017077719094231725, 0.001661809510551393, 0.0016405394999310374, 0.0016168287256732583, 0.0015981525648385286, 0.001598520902916789, 0.0015753316693007946, 0.0015703715616837144, 0.0015405870508402586, 0.0015349616296589375, 0.0015273394528776407, 0.001505006104707718, 0.0015139624010771513], "val_loss": [0.0027317479252815247, 0.002348755719140172, 0.0019691898487508297, 0.0019692995119839907, 0.002135823480784893, 0.0019404628546908498, 0.001974264159798622, 0.001966480864211917, 0.002114691538736224, 0.0018998841987922788, 0.002751885913312435, 0.0021582392510026693, 0.0018311942694708705, 0.0018890961073338985, 0.0018607242964208126, 0.0018890126375481486, 0.0018542688339948654]}