{"loss": [0.014142264612019062, 0.011203420348465443, 0.010539001785218716, 0.01015142910182476, 0.009596719406545162, 0.008842483162879944, 0.00793165247887373], "val_loss": [0.011427221819758415, 0.011839143000543118, 0.011216998100280762, 0.011890910565853119, 0.013267254456877708, 0.012620625086128712, 0.013868287205696106]}