{"loss": [0.013659074902534485, 0.011180697940289974, 0.010540287010371685, 0.009879493154585361, 0.009283449500799179, 0.008584871888160706, 0.007725142873823643], "val_loss": [0.017655842006206512, 0.011949100531637669, 0.011751181446015835, 0.013622267171740532, 0.012096758000552654, 0.01317589171230793, 0.01418944913893938]}