{"loss": [0.016097864136099815, 0.013826867565512657, 0.01335156336426735, 0.013154308311641216, 0.012842349708080292, 0.012752681970596313, 0.0125842010602355, 0.012438398785889149, 0.012257176451385021], "val_loss": [0.01422791089862585, 0.016247496008872986, 0.01358893420547247, 0.013382538221776485, 0.014061624184250832, 0.01385007705539465, 0.014391932636499405, 0.014723476022481918, 0.014644493348896503]}