{"loss": [0.010103275999426842, 0.002737096743658185, 0.002712442073971033, 0.002707120729610324, 0.002710435539484024, 0.002703204983845353, 0.002709455555304885, 0.002702306257560849, 0.002711215987801552, 0.002713544759899378], "val_loss": [0.0031869590748101473, 0.0032093841582536697, 0.003088915953412652, 0.0031037400476634502, 0.0031287996098399162, 0.0030868302565068007, 0.003087905701249838, 0.0030984198674559593, 0.0030888745095580816, 0.0031084734946489334]}