{"loss": [0.016489723697304726, 0.011882397346198559, 0.011206143535673618, 0.010842050425708294, 0.010483628138899803, 0.0102521488443017, 0.010061093606054783], "val_loss": [0.011871867813169956, 0.011037864722311497, 0.011013257317245007, 0.011117536574602127, 0.011292427778244019, 0.011440305970609188, 0.011773678474128246]}