{"loss": [0.0043206834234297276, 0.001989822369068861, 0.0018614055588841438, 0.0017594792880117893, 0.001710596727207303, 0.0016552702290937304, 0.0016420597676187754, 0.0015955226263031363, 0.0015874964883551002, 0.001573860296048224, 0.0015568359522148967, 0.001567809609696269, 0.0015493525424972177], "val_loss": [0.0024600112810730934, 0.00228227861225605, 0.002812028396874666, 0.002063382649794221, 0.0019995474722236395, 0.002115844516083598, 0.0020979251712560654, 0.0019805189222097397, 0.0018506934866309166, 0.0019071048591285944, 0.001876823720522225, 0.0018818367971107364, 0.0020535646472126245]}