{"loss": [0.01371309719979763, 0.01121474802494049, 0.010564043186604977, 0.009856636635959148, 0.009159841574728489, 0.008236891590058804, 0.007142065558582544, 0.006090453360229731], "val_loss": [0.011316700838506222, 0.0130348214879632, 0.014419530518352985, 0.011216362938284874, 0.012966089881956577, 0.01207791082561016, 0.014019033871591091, 0.015568936243653297]}