{"loss": [0.014944239519536495, 0.011176102794706821, 0.01071767695248127, 0.010439084842801094, 0.010151773691177368, 0.009944084100425243, 0.009652498178184032, 0.009324468672275543, 0.008925571106374264], "val_loss": [0.011038403958082199, 0.012471655383706093, 0.012045469135046005, 0.011953747831285, 0.010931476019322872, 0.011600345373153687, 0.011083786375820637, 0.014295822009444237, 0.014001687988638878]}