{"loss": [0.020333925262093544, 0.016639862209558487, 0.016233716160058975, 0.016067644581198692, 0.016013747081160545, 0.015924572944641113, 0.01590809039771557, 0.015834521502256393, 0.01577341929078102], "val_loss": [0.016205139458179474, 0.016727684065699577, 0.015368340536952019, 0.01560923084616661, 0.01501280628144741, 0.015170969069004059, 0.015676002949476242, 0.015190082602202892, 0.016534702852368355]}