{"loss": [0.007444834336638451, 0.002369619905948639, 0.001960856607183814, 0.0017864503897726536, 0.001774609205313027, 0.001687772455625236, 0.001647436642087996, 0.0016426002839580178, 0.0016294341767206788, 0.0015956000424921513, 0.0016047165263444185, 0.0015776895452290773, 0.0015579216415062547], "val_loss": [0.004044621251523495, 0.0030649560503661633, 0.002189807128161192, 0.0019602160900831223, 0.0023685183841735125, 0.0020313921850174665, 0.001963599119335413, 0.0019401991739869118, 0.001862900098785758, 0.0021343363914638758, 0.001972696278244257, 0.0019327589543536305, 0.0024072565138339996]}