{"loss": [0.017071973532438278, 0.01426742598414421, 0.013353709131479263, 0.012709361501038074, 0.011854637414216995, 0.010995980352163315, 0.010371450334787369], "val_loss": [0.014851690270006657, 0.015688661485910416, 0.014806441031396389, 0.01542153861373663, 0.01588010974228382, 0.01566445082426071, 0.015742024406790733]}