{"loss": [0.015382234007120132, 0.00324966455809772, 0.002390253124758601, 0.0020975887309759855, 0.001959290588274598, 0.0018708128482103348, 0.0018204953521490097, 0.0017740115290507674, 0.0017571592470631003, 0.001729105832055211, 0.0016862779157236218, 0.0016717411344870925, 0.0016543283127248287, 0.0016476501477882266, 0.0016143678221851587, 0.0016123668756335974, 0.0016046259552240372, 0.0015836680540814996, 0.0015648581320419908, 0.001567039405927062, 0.0015592211857438087, 0.0015632974682375789, 0.0015687026316300035, 0.001542466226965189, 0.0015445593744516373, 0.001533159869723022, 0.001540473778732121, 0.0015285845147445798, 0.001526332926005125, 0.0015314645133912563], "val_loss": [0.005279715172946453, 0.003015624824911356, 0.002531968057155609, 0.0025284942239522934, 0.002154590329155326, 0.0020802547223865986, 0.002371267881244421, 0.0020347260870039463, 0.002132662571966648, 0.001964221941307187, 0.0020278955344110727, 0.002067100489512086, 0.0019047007663175464, 0.0019731675274670124, 0.0019126556580886245, 0.0019394373521208763, 0.0019028214737772942, 0.002046926412731409, 0.0019174268236383796, 0.0018557709408923984, 0.0018840654520317912, 0.0019922475330531597, 0.0020113701466470957, 0.0018412210047245026, 0.0019424875499680638, 0.0018185205990448594, 0.0018785700667649508, 0.0018596815643832088, 0.0021013368386775255, 0.0020357321482151747]}