{"loss": [0.015104142017662525, 0.013352359645068645, 0.012765571475028992, 0.01245552022010088, 0.011870167218148708, 0.011280715465545654, 0.010518723167479038], "val_loss": [0.013811742886900902, 0.014410067349672318, 0.013658173382282257, 0.014579747803509235, 0.015195832587778568, 0.014995011501014233, 0.015521873719990253]}