{"loss": [0.01646384224295616, 0.014530383981764317, 0.014054608531296253, 0.01373322680592537, 0.013309932313859463, 0.013123668730258942, 0.012807413935661316, 0.012600632384419441, 0.012437328696250916], "val_loss": [0.015421222895383835, 0.01452529989182949, 0.016281256452202797, 0.013685401529073715, 0.013650291599333286, 0.013901276513934135, 0.014277580194175243, 0.014609604142606258, 0.013720336370170116]}