{"loss": [0.01579277031123638, 0.012752807699143887, 0.012044892646372318, 0.011534268036484718, 0.011175128631293774, 0.010756404139101505], "val_loss": [0.014070623554289341, 0.012054773047566414, 0.012838462367653847, 0.013113782741129398, 0.013696112670004368, 0.012072072364389896]}