{"loss": [0.023188596591353416, 0.015480412170290947, 0.014575847424566746, 0.014133131131529808, 0.013834246434271336, 0.013619843870401382, 0.013454661704599857, 0.013204548507928848, 0.013093632645905018, 0.012989472597837448, 0.012892520055174828, 0.012816059403121471], "val_loss": [0.014576646499335766, 0.014297982677817345, 0.01415360439568758, 0.013582369312644005, 0.013413097709417343, 0.013564077205955982, 0.01337023638188839, 0.013326290994882584, 0.01369723305106163, 0.01391642913222313, 0.014182250946760178, 0.013786028139293194]}