{"loss": [0.0037551706191152334, 0.00185422005597502, 0.0017675181152299047, 0.0017170964274555445, 0.0016460837796330452, 0.0016227872110903263, 0.0016223483253270388, 0.0015744416741654277, 0.0015771090984344482, 0.0015593416756018996, 0.0015597030287608504, 0.001527714543044567, 0.0015370409237220883], "val_loss": [0.0024738949723541737, 0.002440432319417596, 0.0020706146024167538, 0.002661056350916624, 0.002062985673546791, 0.0019837699364870787, 0.001997077837586403, 0.002189400838688016, 0.0018402516143396497, 0.0020675677806138992, 0.001948001910932362, 0.002205390715971589, 0.00208490458317101]}