{"loss": [0.01702980324625969, 0.013884568586945534, 0.013655225746333599, 0.013448644429445267, 0.01330768596380949, 0.01320068072527647, 0.013085291720926762], "val_loss": [0.013436052948236465, 0.013399098068475723, 0.01317108515650034, 0.014928680844604969, 0.013935018330812454, 0.013413522392511368, 0.013812110759317875]}