{"loss": [0.01420623529702425, 0.01151981856673956, 0.010824455879628658, 0.010167296044528484, 0.009635688737034798, 0.009023952297866344, 0.00821626279503107], "val_loss": [0.01269583310931921, 0.0122204115614295, 0.012017986737191677, 0.01269447524100542, 0.013356384821236134, 0.01282696332782507, 0.013171923346817493]}