{"loss": [0.018745997920632362, 0.016412822529673576, 0.016096219420433044, 0.01597386598587036, 0.015843523666262627, 0.015783624723553658, 0.01564311794936657, 0.015589653514325619, 0.015539285726845264, 0.01547644566744566, 0.015467698685824871, 0.01542403269559145, 0.015438511967658997], "val_loss": [0.01637556403875351, 0.015865635126829147, 0.014978610910475254, 0.01728186197578907, 0.014908877201378345, 0.015705283731222153, 0.015691714361310005, 0.014879307709634304, 0.014687351882457733, 0.015132983215153217, 0.015077113173902035, 0.015147687867283821, 0.014992600306868553]}