{"loss": [0.021672958508133888, 0.013854868710041046, 0.01356840506196022, 0.013392876833677292, 0.013260992243885994, 0.0131950993090868, 0.01310278382152319, 0.012986036017537117], "val_loss": [0.01552722230553627, 0.013415871188044548, 0.013566474430263042, 0.013397930189967155, 0.013555452227592468, 0.013516322709619999, 0.01346138957887888, 0.013521597720682621]}