{"loss": [0.015623364597558975, 0.012645075097680092, 0.011729791760444641, 0.011290442198514938, 0.010751708410680294, 0.01005464605987072, 0.00953315943479538, 0.008735280483961105, 0.007969564758241177], "val_loss": [0.01402842067182064, 0.01361777726560831, 0.012707783840596676, 0.012247036211192608, 0.011988108046352863, 0.012684079818427563, 0.012567580677568913, 0.012214572168886662, 0.013730151578783989]}