{"loss": [0.013899536803364754, 0.01108472514897585, 0.01063745841383934, 0.010359754785895348, 0.009981918148696423, 0.009681373834609985, 0.009196287952363491, 0.008625342510640621, 0.007927222177386284, 0.007288905326277018], "val_loss": [0.011506510898470879, 0.011044317856431007, 0.011656319722533226, 0.011405308730900288, 0.011586268432438374, 0.010944143868982792, 0.012160359881818295, 0.01253001019358635, 0.012864404357969761, 0.013609157875180244]}