{"loss": [0.013954381458461285, 0.011628393083810806, 0.010585622861981392, 0.009854386560618877, 0.00878283753991127, 0.007731893099844456], "val_loss": [0.016599077731370926, 0.011804221197962761, 0.013344952836632729, 0.012417182326316833, 0.012753416784107685, 0.013436464592814445]}