{"loss": [0.012621003203094006, 0.010889796540141106, 0.010415930300951004, 0.009845905005931854, 0.009519409388303757, 0.009040385484695435, 0.008524462580680847, 0.007829690352082253, 0.007108303718268871], "val_loss": [0.01086826529353857, 0.010370554402470589, 0.010052350349724293, 0.012431077659130096, 0.009642980992794037, 0.010465828701853752, 0.011196417734026909, 0.011398176662623882, 0.011022070422768593]}