{"loss": [0.015772642567753792, 0.013183888047933578, 0.012438485398888588, 0.011861049570143223, 0.01128300093114376, 0.010668180882930756, 0.009854242205619812, 0.009101216681301594, 0.008244005963206291], "val_loss": [0.015658671036362648, 0.015349982306361198, 0.015077357180416584, 0.017004413530230522, 0.01443781703710556, 0.016126660630106926, 0.016383951529860497, 0.01577138900756836, 0.018751857802271843]}