{"loss": [0.004327526316046715, 0.0020297756418585777, 0.0018578824819996953, 0.001754292636178434, 0.0017032141331583261, 0.0016742548905313015, 0.0016414910787716508, 0.001638316549360752, 0.0016011230181902647, 0.0015782591653987765, 0.0015800506807863712, 0.0015736180357635021, 0.0015575389843434095, 0.0015353064518421888, 0.001532121212221682, 0.0015281985979527235, 0.0015121718170121312, 0.0015120164025574923, 0.001501027843914926, 0.0015062738675624132, 0.0014950208133086562, 0.001493824296630919, 0.0014839330688118935, 0.0014775489689782262, 0.0014713886193931103, 0.0014503607526421547, 0.001455788966268301, 0.0014588849153369665, 0.001438424689695239], "val_loss": [0.0025994034949690104, 0.002190403640270233, 0.0020429666619747877, 0.0019613737240433693, 0.0022286137100309134, 0.001974348444491625, 0.0019398790318518877, 0.0022100615315139294, 0.0019359078723937273, 0.0020167690236121416, 0.0019164860714226961, 0.00239543616771698, 0.0018979284213855863, 0.0018780818209052086, 0.00183711270801723, 0.0018928945064544678, 0.0018376531079411507, 0.001890357001684606, 0.0018122227629646659, 0.0019766376353800297, 0.0018282979726791382, 0.001968419412150979, 0.0018085184274241328, 0.002003831323236227, 0.0018026147736236453, 0.0018444396555423737, 0.00182970124296844, 0.0018146258080378175, 0.002213165396824479]}