{"loss": [0.015077791176736355, 0.013085360638797283, 0.01271839439868927, 0.012505033984780312, 0.012182964012026787, 0.01187890488654375, 0.011523758061230183, 0.011218779720366001, 0.010890998877584934, 0.010546720586717129, 0.010149323381483555, 0.00983059499412775], "val_loss": [0.015126087702810764, 0.014519032090902328, 0.013882474042475224, 0.01250984612852335, 0.014119042083621025, 0.012572293169796467, 0.012785163708031178, 0.012159448117017746, 0.01263489667326212, 0.01492890901863575, 0.012870732694864273, 0.013317731209099293]}