{"loss": [0.01583832874894142, 0.014226811937987804, 0.013611722737550735, 0.013285829685628414, 0.01311848871409893, 0.013030258938670158, 0.012865031138062477, 0.012783351354300976], "val_loss": [0.015060877427458763, 0.014459953643381596, 0.013404404744505882, 0.013071532361209393, 0.014229721389710903, 0.013192514888942242, 0.015247621573507786, 0.013839568011462688]}