{"loss": [0.017151981592178345, 0.014097156003117561, 0.013395794667303562, 0.012830458581447601, 0.01208843570202589, 0.011295722797513008, 0.01027113851159811], "val_loss": [0.015235585160553455, 0.015556796453893185, 0.014645391143858433, 0.015240149572491646, 0.014683721587061882, 0.015838950872421265, 0.01761890947818756]}