{"loss": [0.01062735915184021, 0.0027146097272634506, 0.0027271073777228594, 0.002715161768719554, 0.002725783037021756, 0.002720225602388382, 0.002733627799898386], "val_loss": [0.0031573332380503416, 0.003092342521995306, 0.0030874894000589848, 0.0033237403258681297, 0.0031201427336782217, 0.0031159305945038795, 0.003124494105577469]}