{"loss": [0.015526264905929565, 0.013332092203199863, 0.01267138309776783, 0.012188374064862728, 0.01155655737966299], "val_loss": [0.013749648816883564, 0.015329502522945404, 0.015554389916360378, 0.014904814772307873, 0.01563778705894947]}