{"loss": [0.018519539386034012, 0.015215559862554073, 0.014338020235300064, 0.01389970164746046, 0.0136547377333045, 0.01327407918870449, 0.013118409551680088, 0.012918195687234402, 0.012753714807331562, 0.012553535401821136, 0.012294584885239601, 0.012204885482788086, 0.01201506145298481, 0.011819656006991863, 0.01161784678697586], "val_loss": [0.014083822257816792, 0.013816995546221733, 0.014197105541825294, 0.013839400373399258, 0.014213165268301964, 0.013456198386847973, 0.014169037342071533, 0.01377352885901928, 0.01390682440251112, 0.013178166002035141, 0.014466998167335987, 0.013938601128757, 0.014761285856366158, 0.01717531681060791, 0.014899377711117268]}