{"loss": [0.00841384194791317, 0.002318299375474453, 0.0019137851195409894, 0.0017786361277103424, 0.001746603986248374, 0.0017088609747588634, 0.0016703633591532707, 0.0016258355462923646, 0.0016131417360156775, 0.0016300785355269909, 0.0015903495950624347, 0.0015760587994009256, 0.0015722702955827117, 0.0015354495262727141, 0.0015277916099876165], "val_loss": [0.003011157503351569, 0.0023855010513216257, 0.002119547687470913, 0.0020908983424305916, 0.0019443632336333394, 0.002735984278842807, 0.002151577966287732, 0.0024532796815037727, 0.001904751523397863, 0.001932720304466784, 0.0018289171857759356, 0.002012070966884494, 0.001881964853964746, 0.0018417766550555825, 0.001937600434757769]}