{"loss": [0.014186627231538296, 0.011352072469890118, 0.010747463442385197, 0.010161749087274075, 0.00961496215313673, 0.008999785408377647], "val_loss": [0.011741098947823048, 0.010656538419425488, 0.011341658420860767, 0.012003153562545776, 0.012404769659042358, 0.012628210708498955]}