{"loss": [0.01326427236199379, 0.011261377483606339, 0.010536996647715569, 0.010086596012115479, 0.009490211494266987, 0.009017223492264748, 0.008264245465397835], "val_loss": [0.012230371125042439, 0.011633497662842274, 0.011141855269670486, 0.01177876815199852, 0.011642375960946083, 0.011567008681595325, 0.011937578208744526]}