{"loss": [0.014971982687711716, 0.012744434177875519, 0.012170447036623955, 0.011435207910835743, 0.010785532183945179, 0.009756043553352356], "val_loss": [0.013755028136074543, 0.013441689312458038, 0.015711704269051552, 0.0157425906509161, 0.016636567190289497, 0.019079916179180145]}