{"loss": [0.003953513223677874, 0.002036913065239787, 0.0018460823921486735, 0.00174609140958637, 0.0016908893594518304, 0.0016748986672610044, 0.0016220526304095984, 0.0016194687923416495, 0.0016029182588681579, 0.0015937252901494503, 0.0015690084546804428, 0.0015746671706438065, 0.0015663948142901063, 0.00156409980263561, 0.0015404628356918693, 0.001524662016890943, 0.0015257021877914667], "val_loss": [0.0030122422613203526, 0.002150424523279071, 0.002234899438917637, 0.002433543326333165, 0.001918803434818983, 0.0022392997052520514, 0.001981071662157774, 0.0019237234955653548, 0.0018447543261572719, 0.0018703682580962777, 0.0018957413267344236, 0.0019421649631112814, 0.001814559567719698, 0.001950985286384821, 0.0018568785162642598, 0.0020158763509243727, 0.0021735636983066797]}