{"loss": [0.015317448414862156, 0.013037060387432575, 0.012561236508190632, 0.011886435560882092, 0.010935258120298386], "val_loss": [0.013148262165486813, 0.01360259484499693, 0.014699890278279781, 0.015702083706855774, 0.018169144168496132]}