{"loss": [0.016687436029314995, 0.014845899306237698, 0.014291083440184593, 0.013800496235489845, 0.013296975754201412, 0.013125809840857983, 0.012943010777235031, 0.012643739581108093, 0.012459803372621536, 0.012302988208830357, 0.01207089051604271, 0.011884666047990322], "val_loss": [0.014455521479249, 0.015597467310726643, 0.014846249483525753, 0.014354520477354527, 0.0142555832862854, 0.016756122931838036, 0.013777581043541431, 0.013155868276953697, 0.013433989137411118, 0.01481508556753397, 0.013979152776300907, 0.013993781059980392]}