{"loss": [0.014268936589360237, 0.011596203781664371, 0.010951696895062923, 0.01022410113364458, 0.009556361474096775, 0.008781242184340954, 0.007701674941927195], "val_loss": [0.013408411294221878, 0.015372879803180695, 0.011720406822860241, 0.01290635671466589, 0.01564730703830719, 0.013732295483350754, 0.015020054765045643]}