{"loss": [0.013820729218423367, 0.011953194625675678, 0.011623668484389782, 0.011339924298226833, 0.011208107694983482, 0.01107072178274393, 0.010922951623797417, 0.010769574902951717, 0.010712295770645142, 0.010543222539126873, 0.010415511205792427, 0.010251440107822418], "val_loss": [0.011861490085721016, 0.0115272905677557, 0.011489336378872395, 0.011957147158682346, 0.01214827410876751, 0.011352493427693844, 0.012576831504702568, 0.011137533001601696, 0.01206045038998127, 0.012267706915736198, 0.01203493494540453, 0.012065247632563114]}