{"loss": [0.01704425923526287, 0.014380584470927715, 0.013802459463477135, 0.013326491229236126, 0.012986240908503532, 0.012716986238956451], "val_loss": [0.01726578176021576, 0.014081260189414024, 0.01629970781505108, 0.01542488019913435, 0.01469502318650484, 0.01578518934547901]}