{"loss": [0.008113428018987179, 0.002533460734412074, 0.002355810021981597, 0.0023285220377147198, 0.0023311602417379618, 0.002308668801560998, 0.002302720909938216, 0.002272555138915777, 0.002257491461932659, 0.0022535331081598997, 0.0022475754376500845, 0.002236876869574189, 0.0022315329406410456, 0.0022211147006601095, 0.002224143361672759, 0.0022134289611130953, 0.002209203550592065, 0.002206754870712757, 0.002210429636761546, 0.0021917223930358887, 0.0021926446352154016, 0.002187876496464014, 0.002185523509979248, 0.0021784836426377296], "val_loss": [0.0031428842339664698, 0.002721246797591448, 0.002679425524547696, 0.002693119226023555, 0.0027384180575609207, 0.002721073804423213, 0.0026509410236030817, 0.0026582495775073767, 0.002663074992597103, 0.002766685327515006, 0.0026485256385058165, 0.0026282258331775665, 0.0025986339896917343, 0.002642510924488306, 0.002687159925699234, 0.002589649986475706, 0.002576338592916727, 0.0027241038624197245, 0.0026416366454213858, 0.00256548123434186, 0.002653751987963915, 0.002575491787865758, 0.0026042901445180178, 0.0026189081836491823]}