{"loss": [0.0062549663707613945, 0.002303637098520994, 0.0021424044389277697, 0.0021053727250546217, 0.0021054267417639494, 0.002084450563415885, 0.0020804365631192923, 0.0020577304530888796, 0.0020473692566156387, 0.0020420942455530167, 0.0020222682505846024, 0.002021203050389886, 0.00201136851683259, 0.00201078737154603, 0.0019936116877943277, 0.0019846034701913595, 0.0019741151481866837, 0.0019719942938536406, 0.0019683921709656715, 0.0019499481422826648, 0.001956817228347063, 0.0019549743738025427, 0.0019398340955376625], "val_loss": [0.00312858447432518, 0.002394303446635604, 0.0026617785915732384, 0.0024899893905967474, 0.002377177821472287, 0.002354672411456704, 0.002485420322045684, 0.002340087201446295, 0.0024334611371159554, 0.0023788062389940023, 0.0022751560900360346, 0.0022850187961012125, 0.002269856398925185, 0.0023123936261981726, 0.002447574632242322, 0.002274108584970236, 0.0022532381117343903, 0.0022922337520867586, 0.002246577525511384, 0.0022587941493839025, 0.0023513436317443848, 0.002277343301102519, 0.002339534927159548]}