{"loss": [0.013416506350040436, 0.011011567898094654, 0.010651909746229649, 0.010314786806702614, 0.010112278163433075, 0.0099605992436409], "val_loss": [0.01252911239862442, 0.009952615015208721, 0.01034633070230484, 0.012004855088889599, 0.010295066051185131, 0.010993482545018196]}