{"loss": [0.016010474413633347, 0.013059471733868122, 0.012083090841770172, 0.011304879561066628, 0.010395769029855728], "val_loss": [0.013891251757740974, 0.01556187029927969, 0.016476675868034363, 0.015731707215309143, 0.01686747558414936]}