{"loss": [0.003682789858430624, 0.001953382045030594, 0.0017912224866449833, 0.001740560051985085, 0.0016707420581951737, 0.0016303225420415401, 0.0016194874187931418, 0.0015946917701512575, 0.00159554579295218, 0.0015692653832957149, 0.001535271992906928, 0.0015283763641491532, 0.0015320760430768132, 0.0015115838032215834, 0.0014979488914832473, 0.0014845702098682523, 0.0014870656887069345, 0.0014561312273144722, 0.0014684137422591448, 0.0014445690903812647, 0.001427984912879765], "val_loss": [0.002306631999090314, 0.0024233933072537184, 0.0021026411559432745, 0.001890494953840971, 0.0023017111234366894, 0.0022476220037788153, 0.0018873934168368578, 0.0026640421710908413, 0.0019203955307602882, 0.001966294599696994, 0.00186643295455724, 0.0019190891180187464, 0.0021813807543367147, 0.0018493331735953689, 0.0018236590549349785, 0.001967263873666525, 0.0018182378262281418, 0.001830663881264627, 0.0021127534564584494, 0.001870464184321463, 0.0019225483993068337]}