{"loss": [0.014795811846852303, 0.011470852419734001, 0.010849367827177048, 0.010439032688736916, 0.010089286603033543, 0.009687875397503376, 0.009261076338589191, 0.008727777749300003], "val_loss": [0.011957734823226929, 0.012066680938005447, 0.011197811923921108, 0.011181383393704891, 0.011567390523850918, 0.013236167840659618, 0.012028626166284084, 0.013872179202735424]}