{"loss": [0.007207635790109634, 0.0025215696077793837, 0.0023424860555678606, 0.002333099255338311, 0.002316062105819583, 0.0022803328465670347, 0.00228615989908576, 0.00226511899381876, 0.0022436713334172964, 0.0022503056097775698, 0.002234052401036024, 0.002233553910627961, 0.0022188303992152214, 0.002215827349573374, 0.002210748614743352, 0.0022071737330406904], "val_loss": [0.0032525581773370504, 0.002668763278052211, 0.002661159262061119, 0.0027423042338341475, 0.002671807771548629, 0.002927662804722786, 0.002652084454894066, 0.0026328524108976126, 0.0026268113870173693, 0.0027052334044128656, 0.0026078850496560335, 0.0026001986116170883, 0.002741751726716757, 0.002608176553621888, 0.0026313767302781343, 0.0026322626508772373]}