{"loss": [0.0051612453535199165, 0.0020030904561281204, 0.0018137488514184952, 0.0017391900764778256, 0.0016631813487038016, 0.001650759018957615, 0.0016318532871082425, 0.0015933449612930417, 0.001604648889042437, 0.0015666020335629582, 0.0015562489861622453, 0.0015393439680337906, 0.0015296313213184476, 0.0015197456814348698, 0.0015151308616623282, 0.0014934985665604472, 0.0014824862591922283, 0.0014657031279057264, 0.001463408349081874, 0.0014672143151983619], "val_loss": [0.002817422617226839, 0.002089276909828186, 0.002384988823905587, 0.002024682005867362, 0.0021460612770169973, 0.0019620603416115046, 0.002591612981632352, 0.002089570974931121, 0.0019033129792660475, 0.0019946745596826077, 0.0021175271831452847, 0.001961959758773446, 0.0018101176247000694, 0.002035314217209816, 0.0024962155148386955, 0.0018029380589723587, 0.0019154674373567104, 0.0019225362921133637, 0.0020133317448198795, 0.0018564300844445825]}