{"loss": [0.006414908915758133, 0.0033197563607245684, 0.0030795512720942497, 0.00303205125965178, 0.003029054729267955, 0.0030215417500585318, 0.0030107537750154734, 0.0030037108808755875, 0.0029675401747226715, 0.00296955369412899, 0.0029556495137512684, 0.002955197123810649, 0.0029393688309937716, 0.002944955602288246, 0.002933850511908531, 0.00292612100020051, 0.0029358842875808477, 0.002922228304669261, 0.0029191700741648674, 0.002915960503742099], "val_loss": [0.0026963879354298115, 0.002166972029954195, 0.002168150618672371, 0.0021376239601522684, 0.0021865766029804945, 0.002083880826830864, 0.0021221349015831947, 0.002102198079228401, 0.0020773066207766533, 0.0020837020128965378, 0.002049720613285899, 0.002071953611448407, 0.0020612291991710663, 0.0020637938287109137, 0.002048730617389083, 0.0020802796352654696, 0.002123721409589052, 0.0021924537140876055, 0.002046668902039528, 0.002049922477453947]}