{"loss": [0.006350021809339523, 0.003307037055492401, 0.003102690214291215, 0.003023104975000024, 0.0029987215530127287, 0.0029885738622397184, 0.0029777237214148045, 0.0029593745712190866, 0.0029628940392285585, 0.0029473889153450727, 0.0029388200491666794, 0.0029358426108956337], "val_loss": [0.0027828412130475044, 0.0021567274816334248, 0.0021061785519123077, 0.0021082365419715643, 0.0021183558274060488, 0.002093727234750986, 0.0021435569506138563, 0.0020779764745384455, 0.0021229160483926535, 0.00211232784204185, 0.0020918508525937796, 0.002103822072967887]}