{"loss": [0.016480885446071625, 0.009292555041611195, 0.008294876664876938, 0.007927130907773972, 0.007751096971333027], "val_loss": [0.007881666533648968, 0.006573501508682966, 0.0062288702465593815, 0.0059090773575007915, 0.0059125665575265884]}