{"loss": [0.005977506749331951, 0.002891936805099249, 0.0026150334160774946, 0.0025488322135061026, 0.0024806824512779713, 0.0024911027867347, 0.002459888346493244, 0.002445860533043742, 0.0024134726263582706, 0.002397695556282997, 0.0023798502516001463, 0.0023466621059924364, 0.0023470765445381403, 0.0023396487813442945, 0.002323905238881707, 0.0023136748932302, 0.00230297795496881, 0.0022776585537940264, 0.0022797035053372383, 0.00225531286559999], "val_loss": [0.002611453179270029, 0.0022946298122406006, 0.0021460475400090218, 0.0022105614189058542, 0.0020702476613223553, 0.002104167826473713, 0.0020756430458277464, 0.002034640870988369, 0.002226349664852023, 0.0020183282904326916, 0.0019533729646354914, 0.0018848901381716132, 0.0019068184774369001, 0.0019893625285476446, 0.0018966892967000604, 0.0019459259929135442, 0.0020166656468063593, 0.001891662715934217, 0.0019001348409801722, 0.001998788444325328]}