{"loss": [0.013401718810200691, 0.008230341598391533, 0.0077882749028503895, 0.0076815844513475895, 0.007607460953295231, 0.007573064416646957, 0.007523773703724146, 0.007471587508916855, 0.007464088499546051, 0.007438020780682564, 0.0074019525200128555, 0.0073284003883600235, 0.007296604570001364, 0.007245721761137247, 0.00722693232819438, 0.00720886280760169, 0.007187763694673777, 0.007160197477787733, 0.007176575716584921, 0.007144865579903126, 0.0071479883044958115, 0.007123755756765604, 0.0071098520420491695, 0.00710047222673893, 0.007092972286045551, 0.007083166390657425, 0.007087607402354479, 0.007068648934364319, 0.007033866830170155, 0.007043724413961172], "val_loss": [0.007045532111078501, 0.006106630899012089, 0.005808055400848389, 0.005941587965935469, 0.005893139634281397, 0.0057923924177885056, 0.005815597251057625, 0.005899535957723856, 0.0057321637868881226, 0.005646146833896637, 0.005643290933221579, 0.0055468142963945866, 0.005636794492602348, 0.00568706588819623, 0.0056088813580572605, 0.0056380340829491615, 0.005480282939970493, 0.005470194388180971, 0.005421885289251804, 0.005507353693246841, 0.00549654196947813, 0.005396917462348938, 0.005404176656156778, 0.00539923133328557, 0.005465418566018343, 0.005336837377399206, 0.005395097658038139, 0.005345092620700598, 0.005369456019252539, 0.005375714972615242]}