{"loss": [0.005703567527234554, 0.0027737056370824575, 0.0025762671139091253, 0.002506626071408391, 0.0024791122414171696, 0.0024708027485758066, 0.0024334792979061604, 0.0024432267528027296, 0.0024147199001163244, 0.0024203194770962, 0.0023755391594022512, 0.0023698066361248493, 0.002344449982047081, 0.002351627219468355, 0.00232559721916914, 0.0023126814048737288, 0.0022977865301072598, 0.002309059491381049, 0.0022829987574368715, 0.00227245781570673], "val_loss": [0.0025755574461072683, 0.0025905082002282143, 0.0020836377516388893, 0.002000168664380908, 0.002078036777675152, 0.0020187210757285357, 0.0020829900167882442, 0.0021763192489743233, 0.001975324237719178, 0.00199892814271152, 0.001904588076286018, 0.001988812815397978, 0.001893552951514721, 0.0019293267978355289, 0.0018911478109657764, 0.0018876565154641867, 0.0018888476770371199, 0.0020552868954837322, 0.0019548439886420965, 0.0018987179500982165]}