{"loss": [0.017095617949962616, 0.014652501791715622, 0.013605190441012383, 0.012387504801154137, 0.011366323567926884, 0.010352806188166142, 0.009214354678988457, 0.008245764300227165], "val_loss": [0.011399182491004467, 0.012078825384378433, 0.012102183885872364, 0.011170342564582825, 0.011656532995402813, 0.011957542039453983, 0.012583479285240173, 0.012983891181647778]}