{"loss": [0.008711544796824455, 0.0031478609889745712, 0.0026737223379313946, 0.002592613222077489, 0.002582341432571411, 0.0025345131289213896, 0.0024742507375776768, 0.002465286757797003, 0.0024687680415809155, 0.002433479530736804, 0.002427596366032958, 0.0024149285163730383, 0.0023949218448251486, 0.0023918442893773317, 0.002402936341241002, 0.0023821634240448475, 0.0023459915537387133, 0.0023602955043315887, 0.002350973431020975, 0.0023423009552061558], "val_loss": [0.0032756116706877947, 0.002459633629769087, 0.002529816934838891, 0.0021625945810228586, 0.0022841310128569603, 0.0020662276074290276, 0.0021993210539221764, 0.0021041645668447018, 0.0023227136116474867, 0.0020542258862406015, 0.0019989851862192154, 0.0019763605669140816, 0.0019928901456296444, 0.002075284719467163, 0.0019281444838270545, 0.00199095718562603, 0.0019487872486934066, 0.0019213359337300062, 0.0020032289903610945, 0.0019558651838451624]}