{"loss": [0.006146003492176533, 0.0030554113909602165, 0.0026852148585021496, 0.002565214643254876, 0.0025133059825748205, 0.0025227044243365526, 0.00248338864184916, 0.0024738272186368704, 0.0024750628508627415, 0.002442716620862484, 0.002454799599945545, 0.0024108809884637594, 0.0024193385615944862, 0.002385274041444063, 0.00239703431725502, 0.0023728208616375923, 0.002376062097027898, 0.0023858731146901846, 0.0023515354841947556, 0.0023395316675305367], "val_loss": [0.0027907195035368204, 0.0025329578202217817, 0.0022191498428583145, 0.0021259584464132786, 0.0021566106006503105, 0.002010609954595566, 0.002039740327745676, 0.002202603965997696, 0.001972149359062314, 0.002072995062917471, 0.0019086329266428947, 0.0019601527601480484, 0.0019116642652079463, 0.002632268937304616, 0.0019068619003519416, 0.0019073804141953588, 0.0019220978720113635, 0.0018564168130978942, 0.0018723150715231895, 0.0018663059454411268]}