{"loss": [0.02098269574344158, 0.018316853791475296, 0.017588745802640915, 0.017254965379834175, 0.01704229973256588, 0.01699843630194664, 0.01670544408261776], "val_loss": [0.014326352626085281, 0.013654711656272411, 0.013079863041639328, 0.013817393220961094, 0.01322393398731947, 0.013307247310876846, 0.014121370390057564]}