{"loss": [0.0068962895311415195, 0.00327894976362586, 0.003051617881283164, 0.0030256689060479403, 0.0029937541112303734, 0.002990736160427332, 0.0029632928781211376, 0.00295342062599957], "val_loss": [0.003124136244878173, 0.0021568972151726484, 0.002113830065354705, 0.002111810492351651, 0.002109335968270898, 0.002078721532598138, 0.0020747745875269175, 0.002106319647282362]}