{"loss": [0.004764812998473644, 0.0031268647871911526, 0.003021399024873972, 0.003022432792931795, 0.0029953583143651485, 0.002997509203851223, 0.002980804769322276, 0.002997126430273056, 0.0029617343097925186, 0.002957558259367943, 0.0029523244593292475, 0.002942509949207306, 0.0029363599605858326, 0.002947513945400715, 0.002939236117526889, 0.002924161497503519, 0.0029195393435657024, 0.0029169879853725433, 0.002921332372352481, 0.0029175763484090567], "val_loss": [0.002442784607410431, 0.0021283056121319532, 0.0021081736776977777, 0.002258493099361658, 0.0022113050799816847, 0.00210371776483953, 0.0020826582331210375, 0.0021161213517189026, 0.002142329467460513, 0.002077180426567793, 0.0021168231032788754, 0.0020820056088268757, 0.002073741052299738, 0.002100717043504119, 0.0021435352973639965, 0.0021952888928353786, 0.0020763350185006857, 0.0020587723702192307, 0.002045439323410392, 0.0020754800643771887]}