{"loss": [0.012410616502165794, 0.008853105828166008, 0.008319808170199394, 0.007965375669300556, 0.007822896353900433, 0.007410397753119469, 0.0070918831042945385, 0.00673068268224597, 0.006325963418930769], "val_loss": [0.007757112383842468, 0.007591831032186747, 0.007657508831471205, 0.007711526472121477, 0.007251073606312275, 0.008135675452649593, 0.007780208718031645, 0.008621124550700188, 0.008055650629103184]}