{"loss": [0.007721519563347101, 0.005248705390840769, 0.0047605810686945915, 0.004415946081280708, 0.004159622825682163, 0.003923182375729084, 0.0036394912749528885], "val_loss": [0.005726660136133432, 0.005070982035249472, 0.0050628758035600185, 0.005246866028755903, 0.005500644911080599, 0.006777385715395212, 0.005636327899992466]}