{"loss": [0.010731581598520279, 0.009427241049706936, 0.009205513633787632, 0.009151381440460682, 0.009101173840463161, 0.009078357368707657, 0.009031248278915882, 0.008991467766463757, 0.008982877247035503, 0.008953125216066837, 0.00896808784455061, 0.008892656303942204, 0.008898676373064518, 0.008899277076125145, 0.008878176100552082, 0.008846977725625038, 0.008855675347149372, 0.008817458525300026, 0.008817351423203945, 0.008817480877041817], "val_loss": [0.007176279556006193, 0.0073005747981369495, 0.007249392103403807, 0.007117501925677061, 0.006634097546339035, 0.006622602231800556, 0.006830635014921427, 0.007149426266551018, 0.006627565249800682, 0.006609744392335415, 0.006906063295900822, 0.006908288691192865, 0.006772068329155445, 0.0068218824453651905, 0.006650012452155352, 0.006973381154239178, 0.006573209539055824, 0.007104243617504835, 0.007596977055072784, 0.006696897093206644]}