{"loss": [0.008997577242553234, 0.007304929196834564, 0.006811080034822226, 0.006409941241145134, 0.006102543789893389, 0.005880091339349747, 0.005661817733198404, 0.005365845747292042, 0.005207218695431948, 0.004966754466295242, 0.004794236272573471, 0.004603841807693243, 0.004475580062717199, 0.004278241656720638, 0.0041433097794651985, 0.003978068009018898, 0.003922082483768463, 0.0037631101440638304, 0.003636410925537348, 0.0034692944027483463], "val_loss": [0.0057694511488080025, 0.005952856503427029, 0.0052880109287798405, 0.005134949926286936, 0.005197612103074789, 0.0050538708455860615, 0.004947216250002384, 0.005055926274508238, 0.005172194913029671, 0.005367998033761978, 0.006198194809257984, 0.005465608090162277, 0.005663557443767786, 0.005532426293939352, 0.006133716553449631, 0.006169450469315052, 0.005829463712871075, 0.005931718274950981, 0.006082169711589813, 0.006134886760264635]}