{"loss": [0.008315813727676868, 0.006756979040801525, 0.0063342442736029625, 0.005993953440338373, 0.005738917272537947, 0.005543322768062353, 0.005226573441177607, 0.004994223825633526, 0.004790560808032751, 0.004582964349538088, 0.0043839565478265285, 0.004155830480158329, 0.003912225365638733, 0.0037095807492733, 0.0035710518714040518, 0.003437647596001625, 0.003252991009503603, 0.003068744670599699, 0.0030086105689406395, 0.0029237698763608932], "val_loss": [0.005586838815361261, 0.005026848055422306, 0.005159198306500912, 0.005093079525977373, 0.004751986358314753, 0.005418193060904741, 0.005402127280831337, 0.005913947708904743, 0.005310517270117998, 0.00529544148594141, 0.005463871639221907, 0.0056943283416330814, 0.005654941312968731, 0.005631212145090103, 0.005169432144612074, 0.005659196525812149, 0.005647935438901186, 0.005777760408818722, 0.005612220615148544, 0.005432052072137594]}